Time,Label,Area1,Mean1,X1,Y1,Area2,Mean2,X2,Y2,Area3,Mean3,X3,Y3,Area4,Mean4,X4,Y4,Area5,Mean5,X5,Y5,Area6,Mean6,X6,Y6,Area7,Mean7,X7,Y7,Area8,Mean8,X8,Y8,Area9,Mean9,X9,Y9,Area10,Mean10,X10,Y10,Area11,Mean11,X11,Y11,Area12,Mean12,X12,Y12,Area13,Mean13,X13,Y13,Area14,Mean14,X14,Y14,Area15,Mean15,X15,Y15,Area16,Mean16,X16,Y16,Area17,Mean17,X17,Y17,Area18,Mean18,X18,Y18,Area19,Mean19,X19,Y19,Area20,Mean20,X20,Y20,Area21,Mean21,X21,Y21
1,13.avi,9207,40.4222,29.3343,133.4033,8935,45.3538,103.3236,79.7957,7549,29.2363,209.1025,85.2253,3700,40.7722,269.6903,34.6559,6638,36.4822,324.4494,92.9721,5648,42.469,205.8258,183.2201,8194,39.5358,266.4154,242.1286,7162,32.0519,121.4989,314.236,9137,26.176,193.0217,359.782,5855,36.7503,243.1678,417.6425,7282,38.1789,329.7057,423.1887,6098,43.3534,304.7906,329.6799,8576,29.3814,365.634,220.6687,4311,19.1559,435.648,259.6563,3462,12.2816,470.3105,354.5347,2918,12.0264,465.3218,412.9486,3773,28.9594,378.7266,459.9347,1932,36.5497,493.2246,277.6252,5138,31.8001,449.043,156.8344,1722,18.8153,495.3142,47.0813,2012,20.0666,448.6143,81.0934
2,13.avi,9207,40.5356,29.3343,133.4033,8935,45.4777,103.3236,79.7957,7549,29.4822,209.1025,85.2253,3700,40.6089,269.6903,34.6559,6638,37.1481,324.4494,92.9721,5648,42.3846,205.8258,183.2201,8194,39.8155,266.4154,242.1286,7162,32.6565,121.4989,314.236,9137,26.102,193.0217,359.782,5855,36.4294,243.1678,417.6425,7282,37.9511,329.7057,423.1887,6098,42.6046,304.7906,329.6799,8576,29.3438,365.634,220.6687,4311,19.322,435.648,259.6563,3462,12.7296,470.3105,354.5347,2918,11.9489,465.3218,412.9486,3773,28.7389,378.7266,459.9347,1932,36.8251,493.2246,277.6252,5138,31.9157,449.043,156.8344,1722,19.2056,495.3142,47.0813,2012,19.9498,448.6143,81.0934
3,13.avi,9207,40.3689,29.3343,133.4033,8935,45.2078,103.3236,79.7957,7549,29.2884,209.1025,85.2253,3700,40.7892,269.6903,34.6559,6638,36.7294,324.4494,92.9721,5648,41.9262,205.8258,183.2201,8194,39.5937,266.4154,242.1286,7162,32.8234,121.4989,314.236,9137,26.5418,193.0217,359.782,5855,35.8883,243.1678,417.6425,7282,38.0685,329.7057,423.1887,6098,42.4515,304.7906,329.6799,8576,29.5077,365.634,220.6687,4311,19.2628,435.648,259.6563,3462,12.2707,470.3105,354.5347,2918,11.2838,465.3218,412.9486,3773,28.6626,378.7266,459.9347,1932,36.1755,493.2246,277.6252,5138,31.7733,449.043,156.8344,1722,19.2166,495.3142,47.0813,2012,20.08,448.6143,81.0934
4,13.avi,9207,40.4983,29.3343,133.4033,8935,45.0626,103.3236,79.7957,7549,29.1807,209.1025,85.2253,3700,40.7168,269.6903,34.6559,6638,36.8115,324.4494,92.9721,5648,42.4772,205.8258,183.2201,8194,39.911,266.4154,242.1286,7162,32.5592,121.4989,314.236,9137,26.3345,193.0217,359.782,5855,36.0859,243.1678,417.6425,7282,38.2146,329.7057,423.1887,6098,42.3909,304.7906,329.6799,8576,29.2882,365.634,220.6687,4311,19.4465,435.648,259.6563,3462,12.3287,470.3105,354.5347,2918,11.8934,465.3218,412.9486,3773,28.5648,378.7266,459.9347,1932,36.9234,493.2246,277.6252,5138,31.5965,449.043,156.8344,1722,19.3682,495.3142,47.0813,2012,20.3385,448.6143,81.0934
5,13.avi,9207,40.6262,29.3343,133.4033,8935,45.2391,103.3236,79.7957,7549,29.9795,209.1025,85.2253,3700,40.6554,269.6903,34.6559,6638,37.5322,324.4494,92.9721,5648,42.6498,205.8258,183.2201,8194,39.5604,266.4154,242.1286,7162,33.5836,121.4989,314.236,9137,26.626,193.0217,359.782,5855,36.2167,243.1678,417.6425,7282,38.4712,329.7057,423.1887,6098,43.0371,304.7906,329.6799,8576,29.3165,365.634,220.6687,4311,19.4602,435.648,259.6563,3462,12.9832,470.3105,354.5347,2918,11.8067,465.3218,412.9486,3773,28.5584,378.7266,459.9347,1932,36.9824,493.2246,277.6252,5138,32.2281,449.043,156.8344,1722,18.8548,495.3142,47.0813,2012,20.2485,448.6143,81.0934
6,13.avi,9207,40.6086,29.3343,133.4033,8935,45.4776,103.3236,79.7957,7549,29.7145,209.1025,85.2253,3700,41.8097,269.6903,34.6559,6638,37.2394,324.4494,92.9721,5648,43.2112,205.8258,183.2201,8194,40.4148,266.4154,242.1286,7162,32.6258,121.4989,314.236,9137,26.851,193.0217,359.782,5855,36.1262,243.1678,417.6425,7282,38.9813,329.7057,423.1887,6098,43.3816,304.7906,329.6799,8576,29.6292,365.634,220.6687,4311,19.4092,435.648,259.6563,3462,12.496,470.3105,354.5347,2918,12.013,465.3218,412.9486,3773,28.7861,378.7266,459.9347,1932,36.589,493.2246,277.6252,5138,31.8665,449.043,156.8344,1722,18.5099,495.3142,47.0813,2012,19.9677,448.6143,81.0934
7,13.avi,9207,40.6001,29.3343,133.4033,8935,45.5036,103.3236,79.7957,7549,29.9127,209.1025,85.2253,3700,41.6846,269.6903,34.6559,6638,37.3647,324.4494,92.9721,5648,43.1643,205.8258,183.2201,8194,40.4563,266.4154,242.1286,7162,32.8281,121.4989,314.236,9137,26.6626,193.0217,359.782,5855,36.6396,243.1678,417.6425,7282,38.5957,329.7057,423.1887,6098,43.6228,304.7906,329.6799,8576,30.1056,365.634,220.6687,4311,19.4676,435.648,259.6563,3462,12.4492,470.3105,354.5347,2918,11.7653,465.3218,412.9486,3773,28.5881,378.7266,459.9347,1932,36.7521,493.2246,277.6252,5138,31.7271,449.043,156.8344,1722,19.5046,495.3142,47.0813,2012,19.9269,448.6143,81.0934
8,13.avi,9207,40.7551,29.3343,133.4033,8935,44.7025,103.3236,79.7957,7549,29.1737,209.1025,85.2253,3700,41.1846,269.6903,34.6559,6638,37.5065,324.4494,92.9721,5648,43.0168,205.8258,183.2201,8194,40.6679,266.4154,242.1286,7162,33.279,121.4989,314.236,9137,26.6667,193.0217,359.782,5855,36.9351,243.1678,417.6425,7282,38.8211,329.7057,423.1887,6098,42.564,304.7906,329.6799,8576,29.7677,365.634,220.6687,4311,19.7251,435.648,259.6563,3462,12.5098,470.3105,354.5347,2918,11.7851,465.3218,412.9486,3773,28.9989,378.7266,459.9347,1932,36.8799,493.2246,277.6252,5138,31.9833,449.043,156.8344,1722,18.676,495.3142,47.0813,2012,19.8032,448.6143,81.0934
9,13.avi,9207,41.055,29.3343,133.4033,8935,44.9875,103.3236,79.7957,7549,29.4133,209.1025,85.2253,3700,41.1841,269.6903,34.6559,6638,36.5872,324.4494,92.9721,5648,42.4724,205.8258,183.2201,8194,40.149,266.4154,242.1286,7162,32.8808,121.4989,314.236,9137,26.4103,193.0217,359.782,5855,36.6729,243.1678,417.6425,7282,38.485,329.7057,423.1887,6098,42.7222,304.7906,329.6799,8576,29.1975,365.634,220.6687,4311,19.3758,435.648,259.6563,3462,12.2135,470.3105,354.5347,2918,11.61,465.3218,412.9486,3773,28.4768,378.7266,459.9347,1932,36.6102,493.2246,277.6252,5138,31.6067,449.043,156.8344,1722,19.3293,495.3142,47.0813,2012,19.4463,448.6143,81.0934
10,13.avi,9207,40.6895,29.3343,133.4033,8935,44.5372,103.3236,79.7957,7549,28.9995,209.1025,85.2253,3700,41.2827,269.6903,34.6559,6638,36.9763,324.4494,92.9721,5648,42.7583,205.8258,183.2201,8194,39.6319,266.4154,242.1286,7162,32.7025,121.4989,314.236,9137,26.0264,193.0217,359.782,5855,36.5107,243.1678,417.6425,7282,38.8212,329.7057,423.1887,6098,42.5348,304.7906,329.6799,8576,29.36,365.634,220.6687,4311,19.7175,435.648,259.6563,3462,12.2189,470.3105,354.5347,2918,11.0123,465.3218,412.9486,3773,28.3793,378.7266,459.9347,1932,36.102,493.2246,277.6252,5138,31.8982,449.043,156.8344,1722,18.2201,495.3142,47.0813,2012,19.2346,448.6143,81.0934
11,13.avi,9207,40.6755,29.3343,133.4033,8935,45.476,103.3236,79.7957,7549,29.2255,209.1025,85.2253,3700,41.6608,269.6903,34.6559,6638,37.4199,324.4494,92.9721,5648,42.5258,205.8258,183.2201,8194,39.3968,266.4154,242.1286,7162,33.3686,121.4989,314.236,9137,26.4927,193.0217,359.782,5855,36.5927,243.1678,417.6425,7282,38.9477,329.7057,423.1887,6098,42.7294,304.7906,329.6799,8576,29.5925,365.634,220.6687,4311,20.0784,435.648,259.6563,3462,12.5246,470.3105,354.5347,2918,11.6467,465.3218,412.9486,3773,28.3928,378.7266,459.9347,1932,36.8142,493.2246,277.6252,5138,31.3344,449.043,156.8344,1722,18.7886,495.3142,47.0813,2012,19.5413,448.6143,81.0934
12,13.avi,9207,41.0521,29.3343,133.4033,8935,45.5566,103.3236,79.7957,7549,29.3946,209.1025,85.2253,3700,41.1214,269.6903,34.6559,6638,36.9589,324.4494,92.9721,5648,42.2751,205.8258,183.2201,8194,39.5774,266.4154,242.1286,7162,33.8838,121.4989,314.236,9137,25.9876,193.0217,359.782,5855,36.5385,243.1678,417.6425,7282,38.1259,329.7057,423.1887,6098,42.6541,304.7906,329.6799,8576,29.7547,365.634,220.6687,4311,19.4361,435.648,259.6563,3462,12.0832,470.3105,354.5347,2918,11.4582,465.3218,412.9486,3773,28.4917,378.7266,459.9347,1932,36.6128,493.2246,277.6252,5138,31.5938,449.043,156.8344,1722,18.7904,495.3142,47.0813,2012,19.7321,448.6143,81.0934
13,13.avi,9207,41.1319,29.3343,133.4033,8935,45.8648,103.3236,79.7957,7549,28.7752,209.1025,85.2253,3700,41.0778,269.6903,34.6559,6638,37.0368,324.4494,92.9721,5648,42.2311,205.8258,183.2201,8194,39.4375,266.4154,242.1286,7162,33.1303,121.4989,314.236,9137,25.9505,193.0217,359.782,5855,36.4977,243.1678,417.6425,7282,38.2199,329.7057,423.1887,6098,42.5087,304.7906,329.6799,8576,29.2326,365.634,220.6687,4311,19.1944,435.648,259.6563,3462,12.0459,470.3105,354.5347,2918,11.5524,465.3218,412.9486,3773,28.445,378.7266,459.9347,1932,36.8525,493.2246,277.6252,5138,31.3552,449.043,156.8344,1722,18.7898,495.3142,47.0813,2012,19.6243,448.6143,81.0934
14,13.avi,9207,41.2924,29.3343,133.4033,8935,46.1503,103.3236,79.7957,7549,28.9203,209.1025,85.2253,3700,40.8141,269.6903,34.6559,6638,36.624,324.4494,92.9721,5648,42.333,205.8258,183.2201,8194,39.1543,266.4154,242.1286,7162,32.8791,121.4989,314.236,9137,25.8061,193.0217,359.782,5855,36.5009,243.1678,417.6425,7282,38.0413,329.7057,423.1887,6098,42.3619,304.7906,329.6799,8576,29.3744,365.634,220.6687,4311,19.009,435.648,259.6563,3462,12.0569,470.3105,354.5347,2918,11.3797,465.3218,412.9486,3773,28.1015,378.7266,459.9347,1932,36.8183,493.2246,277.6252,5138,31.1534,449.043,156.8344,1722,19.0679,495.3142,47.0813,2012,19.008,448.6143,81.0934
15,13.avi,9207,41.0898,29.3343,133.4033,8935,46.4269,103.3236,79.7957,7549,28.7352,209.1025,85.2253,3700,41.3554,269.6903,34.6559,6638,37.024,324.4494,92.9721,5648,42.7436,205.8258,183.2201,8194,39.5725,266.4154,242.1286,7162,33.4453,121.4989,314.236,9137,25.8887,193.0217,359.782,5855,36.2825,243.1678,417.6425,7282,38.1763,329.7057,423.1887,6098,42.7876,304.7906,329.6799,8576,29.558,365.634,220.6687,4311,19.0582,435.648,259.6563,3462,12.1967,470.3105,354.5347,2918,11.7395,465.3218,412.9486,3773,28.5953,378.7266,459.9347,1932,37.4845,493.2246,277.6252,5138,31.7548,449.043,156.8344,1722,19.0859,495.3142,47.0813,2012,19.5696,448.6143,81.0934
16,13.avi,9207,40.8268,29.3343,133.4033,8935,46.061,103.3236,79.7957,7549,29,209.1025,85.2253,3700,41.3819,269.6903,34.6559,6638,36.9233,324.4494,92.9721,5648,42.1687,205.8258,183.2201,8194,39.3172,266.4154,242.1286,7162,33.819,121.4989,314.236,9137,25.4665,193.0217,359.782,5855,36.1407,243.1678,417.6425,7282,38.6079,329.7057,423.1887,6098,42.8445,304.7906,329.6799,8576,30.2549,365.634,220.6687,4311,19.4625,435.648,259.6563,3462,12.4656,470.3105,354.5347,2918,11.9013,465.3218,412.9486,3773,28.5653,378.7266,459.9347,1932,36.4933,493.2246,277.6252,5138,32.1127,449.043,156.8344,1722,18.2189,495.3142,47.0813,2012,19.8464,448.6143,81.0934
17,13.avi,9207,40.4512,29.3343,133.4033,8935,45.7867,103.3236,79.7957,7549,28.8283,209.1025,85.2253,3700,41.7311,269.6903,34.6559,6638,36.8747,324.4494,92.9721,5648,41.1328,205.8258,183.2201,8194,39.3287,266.4154,242.1286,7162,33.3531,121.4989,314.236,9137,25.4346,193.0217,359.782,5855,35.6902,243.1678,417.6425,7282,38.2306,329.7057,423.1887,6098,42.5718,304.7906,329.6799,8576,29.771,365.634,220.6687,4311,19.1046,435.648,259.6563,3462,12.3359,470.3105,354.5347,2918,11.5099,465.3218,412.9486,3773,28.8953,378.7266,459.9347,1932,35.8742,493.2246,277.6252,5138,31.0891,449.043,156.8344,1722,18.4663,495.3142,47.0813,2012,19.1595,448.6143,81.0934
18,13.avi,9207,41.3261,29.3343,133.4033,8935,45.8567,103.3236,79.7957,7549,28.8957,209.1025,85.2253,3700,40.7435,269.6903,34.6559,6638,37.1867,324.4494,92.9721,5648,41.3998,205.8258,183.2201,8194,39.516,266.4154,242.1286,7162,33.1199,121.4989,314.236,9137,25.5924,193.0217,359.782,5855,36.2567,243.1678,417.6425,7282,38.6233,329.7057,423.1887,6098,42.6181,304.7906,329.6799,8576,29.9307,365.634,220.6687,4311,19.1735,435.648,259.6563,3462,12.3166,470.3105,354.5347,2918,11.4291,465.3218,412.9486,3773,28.6801,378.7266,459.9347,1932,36.9063,493.2246,277.6252,5138,31.1722,449.043,156.8344,1722,18.7729,495.3142,47.0813,2012,19.2639,448.6143,81.0934
19,13.avi,9207,40.7667,29.3343,133.4033,8935,45.3726,103.3236,79.7957,7549,28.2988,209.1025,85.2253,3700,39.3,269.6903,34.6559,6638,36.1755,324.4494,92.9721,5648,41.3325,205.8258,183.2201,8194,39.0128,266.4154,242.1286,7162,32.9435,121.4989,314.236,9137,25.1492,193.0217,359.782,5855,35.2538,243.1678,417.6425,7282,38.1965,329.7057,423.1887,6098,42.2822,304.7906,329.6799,8576,29.2066,365.634,220.6687,4311,19.2322,435.648,259.6563,3462,12.2689,470.3105,354.5347,2918,11.3345,465.3218,412.9486,3773,27.9449,378.7266,459.9347,1932,37.1589,493.2246,277.6252,5138,31.2797,449.043,156.8344,1722,17.7079,495.3142,47.0813,2012,19.4319,448.6143,81.0934
20,13.avi,9207,41.4494,29.3343,133.4033,8935,45.459,103.3236,79.7957,7549,28.8834,209.1025,85.2253,3700,40.7065,269.6903,34.6559,6638,36.8323,324.4494,92.9721,5648,41.9467,205.8258,183.2201,8194,39.5762,266.4154,242.1286,7162,33.8781,121.4989,314.236,9137,25.9682,193.0217,359.782,5855,35.6576,243.1678,417.6425,7282,37.9381,329.7057,423.1887,6098,42.5303,304.7906,329.6799,8576,29.8974,365.634,220.6687,4311,19.1489,435.648,259.6563,3462,12.2369,470.3105,354.5347,2918,11.9321,465.3218,412.9486,3773,27.8174,378.7266,459.9347,1932,38.6527,493.2246,277.6252,5138,32.1201,449.043,156.8344,1722,18.91,495.3142,47.0813,2012,19.4751,448.6143,81.0934
21,13.avi,9207,41.3539,29.3343,133.4033,8935,45.0768,103.3236,79.7957,7549,28.5136,209.1025,85.2253,3700,41.1205,269.6903,34.6559,6638,36.1196,324.4494,92.9721,5648,42.2443,205.8258,183.2201,8194,40.034,266.4154,242.1286,7162,33.3044,121.4989,314.236,9137,25.4463,193.0217,359.782,5855,35.8191,243.1678,417.6425,7282,38.2264,329.7057,423.1887,6098,42.6186,304.7906,329.6799,8576,29.5309,365.634,220.6687,4311,18.7701,435.648,259.6563,3462,12.4495,470.3105,354.5347,2918,12.2217,465.3218,412.9486,3773,28.308,378.7266,459.9347,1932,38.911,493.2246,277.6252,5138,31.8215,449.043,156.8344,1722,19.0407,495.3142,47.0813,2012,19.2888,448.6143,81.0934
22,13.avi,9207,41.8272,29.3343,133.4033,8935,45.3637,103.3236,79.7957,7549,28.4224,209.1025,85.2253,3700,41.4019,269.6903,34.6559,6638,35.9509,324.4494,92.9721,5648,41.9122,205.8258,183.2201,8194,39.8567,266.4154,242.1286,7162,33.2203,121.4989,314.236,9137,25.6612,193.0217,359.782,5855,35.7141,243.1678,417.6425,7282,38.1714,329.7057,423.1887,6098,43.0981,304.7906,329.6799,8576,29.2712,365.634,220.6687,4311,18.9524,435.648,259.6563,3462,12.6638,470.3105,354.5347,2918,11.8814,465.3218,412.9486,3773,27.9221,378.7266,459.9347,1932,39.809,493.2246,277.6252,5138,31.3869,449.043,156.8344,1722,18.2305,495.3142,47.0813,2012,19.6223,448.6143,81.0934
23,13.avi,9207,41.5143,29.3343,133.4033,8935,45.7264,103.3236,79.7957,7549,28.9201,209.1025,85.2253,3700,40.6589,269.6903,34.6559,6638,36.6463,324.4494,92.9721,5648,41.9407,205.8258,183.2201,8194,40.4271,266.4154,242.1286,7162,32.9774,121.4989,314.236,9137,25.5188,193.0217,359.782,5855,35.435,243.1678,417.6425,7282,38.4411,329.7057,423.1887,6098,42.3972,304.7906,329.6799,8576,29.9362,365.634,220.6687,4311,19.187,435.648,259.6563,3462,12.8013,470.3105,354.5347,2918,12.0576,465.3218,412.9486,3773,28.3684,378.7266,459.9347,1932,40.1506,493.2246,277.6252,5138,31.6845,449.043,156.8344,1722,18.9024,495.3142,47.0813,2012,19.2982,448.6143,81.0934
24,13.avi,9207,41.1739,29.3343,133.4033,8935,45.2712,103.3236,79.7957,7549,28.7687,209.1025,85.2253,3700,40.293,269.6903,34.6559,6638,36.3958,324.4494,92.9721,5648,41.6799,205.8258,183.2201,8194,40.6567,266.4154,242.1286,7162,33.112,121.4989,314.236,9137,25.1429,193.0217,359.782,5855,36.0056,243.1678,417.6425,7282,38.2241,329.7057,423.1887,6098,42.8481,304.7906,329.6799,8576,29.7716,365.634,220.6687,4311,18.9529,435.648,259.6563,3462,12.935,470.3105,354.5347,2918,11.904,465.3218,412.9486,3773,28.3851,378.7266,459.9347,1932,40.2231,493.2246,277.6252,5138,31.4122,449.043,156.8344,1722,18.6423,495.3142,47.0813,2012,19.2475,448.6143,81.0934
25,13.avi,9207,40.8673,29.3343,133.4033,8935,45.0877,103.3236,79.7957,7549,28.4847,209.1025,85.2253,3700,40.1389,269.6903,34.6559,6638,35.9272,324.4494,92.9721,5648,41.2743,205.8258,183.2201,8194,40.2773,266.4154,242.1286,7162,33.1116,121.4989,314.236,9137,25.1171,193.0217,359.782,5855,35.5199,243.1678,417.6425,7282,37.9725,329.7057,423.1887,6098,42.605,304.7906,329.6799,8576,29.4733,365.634,220.6687,4311,19.2229,435.648,259.6563,3462,12.6979,470.3105,354.5347,2918,11.829,465.3218,412.9486,3773,28.0366,378.7266,459.9347,1932,39.854,493.2246,277.6252,5138,31.4414,449.043,156.8344,1722,18.4942,495.3142,47.0813,2012,19.329,448.6143,81.0934
26,13.avi,9207,41.0053,29.3343,133.4033,8935,45.4404,103.3236,79.7957,7549,28.8245,209.1025,85.2253,3700,40.3216,269.6903,34.6559,6638,36.0792,324.4494,92.9721,5648,42.0152,205.8258,183.2201,8194,40.432,266.4154,242.1286,7162,33.1078,121.4989,314.236,9137,25.6605,193.0217,359.782,5855,36.0159,243.1678,417.6425,7282,38.3285,329.7057,423.1887,6098,42.4118,304.7906,329.6799,8576,29.6634,365.634,220.6687,4311,19.036,435.648,259.6563,3462,12.4581,470.3105,354.5347,2918,12.281,465.3218,412.9486,3773,28.357,378.7266,459.9347,1932,39.9451,493.2246,277.6252,5138,30.8361,449.043,156.8344,1722,19.2352,495.3142,47.0813,2012,19.5234,448.6143,81.0934
27,13.avi,9207,41.2669,29.3343,133.4033,8935,45.0923,103.3236,79.7957,7549,28.8886,209.1025,85.2253,3700,40.873,269.6903,34.6559,6638,36.2629,324.4494,92.9721,5648,42.9005,205.8258,183.2201,8194,40.5799,266.4154,242.1286,7162,32.7315,121.4989,314.236,9137,25.3394,193.0217,359.782,5855,36.3182,243.1678,417.6425,7282,38.097,329.7057,423.1887,6098,42.204,304.7906,329.6799,8576,29.3902,365.634,220.6687,4311,19.2579,435.648,259.6563,3462,12.1453,470.3105,354.5347,2918,11.7378,465.3218,412.9486,3773,28.5423,378.7266,459.9347,1932,39.7971,493.2246,277.6252,5138,31.4829,449.043,156.8344,1722,18.7323,495.3142,47.0813,2012,19.1983,448.6143,81.0934
28,13.avi,9207,41.5239,29.3343,133.4033,8935,45.5737,103.3236,79.7957,7549,28.6931,209.1025,85.2253,3700,40.993,269.6903,34.6559,6638,36.345,324.4494,92.9721,5648,42.6654,205.8258,183.2201,8194,39.9609,266.4154,242.1286,7162,33.0242,121.4989,314.236,9137,25.6575,193.0217,359.782,5855,35.8118,243.1678,417.6425,7282,38.2532,329.7057,423.1887,6098,42.5336,304.7906,329.6799,8576,29.88,365.634,220.6687,4311,19.4189,435.648,259.6563,3462,12.5104,470.3105,354.5347,2918,12.4109,465.3218,412.9486,3773,28.1084,378.7266,459.9347,1932,39.4457,493.2246,277.6252,5138,31.0932,449.043,156.8344,1722,18.7352,495.3142,47.0813,2012,19.9935,448.6143,81.0934
29,13.avi,9207,40.7527,29.3343,133.4033,8935,44.7011,103.3236,79.7957,7549,28.4671,209.1025,85.2253,3700,40.6151,269.6903,34.6559,6638,35.81,324.4494,92.9721,5648,41.8118,205.8258,183.2201,8194,39.5273,266.4154,242.1286,7162,32.3351,121.4989,314.236,9137,25.3411,193.0217,359.782,5855,35.0277,243.1678,417.6425,7282,37.5556,329.7057,423.1887,6098,41.6359,304.7906,329.6799,8576,29.0385,365.634,220.6687,4311,18.6312,435.648,259.6563,3462,12.2215,470.3105,354.5347,2918,11.9112,465.3218,412.9486,3773,27.7819,378.7266,459.9347,1932,39.2252,493.2246,277.6252,5138,30.7445,449.043,156.8344,1722,18.3595,495.3142,47.0813,2012,18.6039,448.6143,81.0934
30,13.avi,9207,40.9962,29.3343,133.4033,8935,44.4582,103.3236,79.7957,7549,28.2482,209.1025,85.2253,3700,39.9392,269.6903,34.6559,6638,35.7371,324.4494,92.9721,5648,41.8176,205.8258,183.2201,8194,39.6516,266.4154,242.1286,7162,32.3646,121.4989,314.236,9137,25.1136,193.0217,359.782,5855,34.6885,243.1678,417.6425,7282,37.9651,329.7057,423.1887,6098,42.2404,304.7906,329.6799,8576,28.4789,365.634,220.6687,4311,18.4264,435.648,259.6563,3462,12.4379,470.3105,354.5347,2918,12.2814,465.3218,412.9486,3773,28.0737,378.7266,459.9347,1932,40.3395,493.2246,277.6252,5138,31.182,449.043,156.8344,1722,18.9472,495.3142,47.0813,2012,18.3519,448.6143,81.0934
31,13.avi,9207,41.9419,29.3343,133.4033,8935,44.5346,103.3236,79.7957,7549,28.6398,209.1025,85.2253,3700,39.5387,269.6903,34.6559,6638,36.0747,324.4494,92.9721,5648,42.2693,205.8258,183.2201,8194,39.2906,266.4154,242.1286,7162,32.5892,121.4989,314.236,9137,25.1966,193.0217,359.782,5855,35.1633,243.1678,417.6425,7282,38.277,329.7057,423.1887,6098,42.1981,304.7906,329.6799,8576,28.8186,365.634,220.6687,4311,18.9601,435.648,259.6563,3462,12.3923,470.3105,354.5347,2918,12.2056,465.3218,412.9486,3773,28.2218,378.7266,459.9347,1932,39.7976,493.2246,277.6252,5138,31.2246,449.043,156.8344,1722,18.6051,495.3142,47.0813,2012,18.5234,448.6143,81.0934
32,13.avi,9207,41.1396,29.3343,133.4033,8935,44.481,103.3236,79.7957,7549,28.3145,209.1025,85.2253,3700,39.6305,269.6903,34.6559,6638,35.1178,324.4494,92.9721,5648,42.6016,205.8258,183.2201,8194,39.71,266.4154,242.1286,7162,32.3049,121.4989,314.236,9137,25.4619,193.0217,359.782,5855,34.7611,243.1678,417.6425,7282,38.0879,329.7057,423.1887,6098,42.5116,304.7906,329.6799,8576,28.964,365.634,220.6687,4311,18.858,435.648,259.6563,3462,12.4214,470.3105,354.5347,2918,12.0727,465.3218,412.9486,3773,27.8667,378.7266,459.9347,1932,39.5673,493.2246,277.6252,5138,31.1617,449.043,156.8344,1722,19.1423,495.3142,47.0813,2012,19.335,448.6143,81.0934
33,13.avi,9207,41.6204,29.3343,133.4033,8935,44.5508,103.3236,79.7957,7549,28.1656,209.1025,85.2253,3700,39.3422,269.6903,34.6559,6638,35.4203,324.4494,92.9721,5648,42.3962,205.8258,183.2201,8194,39.3941,266.4154,242.1286,7162,32.0262,121.4989,314.236,9137,25.2085,193.0217,359.782,5855,34.8576,243.1678,417.6425,7282,37.6066,329.7057,423.1887,6098,41.8859,304.7906,329.6799,8576,28.5391,365.634,220.6687,4311,18.7715,435.648,259.6563,3462,12.1077,470.3105,354.5347,2918,11.4284,465.3218,412.9486,3773,28.3085,378.7266,459.9347,1932,40.6853,493.2246,277.6252,5138,30.9652,449.043,156.8344,1722,19.2869,495.3142,47.0813,2012,18.7495,448.6143,81.0934
34,13.avi,9207,42.0735,29.3343,133.4033,8935,43.3486,103.3236,79.7957,7549,27.1411,209.1025,85.2253,3700,38.7159,269.6903,34.6559,6638,34.7395,324.4494,92.9721,5648,41.3576,205.8258,183.2201,8194,38.5585,266.4154,242.1286,7162,31.4627,121.4989,314.236,9137,24.3429,193.0217,359.782,5855,34.1604,243.1678,417.6425,7282,37.0531,329.7057,423.1887,6098,41.2173,304.7906,329.6799,8576,27.9071,365.634,220.6687,4311,17.3967,435.648,259.6563,3462,11.4908,470.3105,354.5347,2918,11.0322,465.3218,412.9486,3773,27.0504,378.7266,459.9347,1932,39.3111,493.2246,277.6252,5138,30.6343,449.043,156.8344,1722,18.5952,495.3142,47.0813,2012,17.7222,448.6143,81.0934
35,13.avi,9207,43.1899,29.3343,133.4033,8935,42.9659,103.3236,79.7957,7549,26.7314,209.1025,85.2253,3700,38.3989,269.6903,34.6559,6638,33.8579,324.4494,92.9721,5648,40.3431,205.8258,183.2201,8194,37.8782,266.4154,242.1286,7162,30.9002,121.4989,314.236,9137,24.5194,193.0217,359.782,5855,33.5877,243.1678,417.6425,7282,36.7768,329.7057,423.1887,6098,40.3078,304.7906,329.6799,8576,26.9925,365.634,220.6687,4311,17.0531,435.648,259.6563,3462,10.9001,470.3105,354.5347,2918,9.8437,465.3218,412.9486,3773,26.5192,378.7266,459.9347,1932,35.8204,493.2246,277.6252,5138,29.3795,449.043,156.8344,1722,17.7056,495.3142,47.0813,2012,17.9732,448.6143,81.0934
36,13.avi,9207,44.9274,29.3343,133.4033,8935,43.0412,103.3236,79.7957,7549,26.3018,209.1025,85.2253,3700,39.0322,269.6903,34.6559,6638,34.2436,324.4494,92.9721,5648,40.3134,205.8258,183.2201,8194,37.4673,266.4154,242.1286,7162,30.7175,121.4989,314.236,9137,24.2367,193.0217,359.782,5855,33.1829,243.1678,417.6425,7282,35.9215,329.7057,423.1887,6098,39.8865,304.7906,329.6799,8576,26.699,365.634,220.6687,4311,16.7629,435.648,259.6563,3462,10.8273,470.3105,354.5347,2918,9.9287,465.3218,412.9486,3773,25.5645,378.7266,459.9347,1932,34.8887,493.2246,277.6252,5138,29.5284,449.043,156.8344,1722,17.4193,495.3142,47.0813,2012,17.1392,448.6143,81.0934
37,13.avi,9207,44.1682,29.3343,133.4033,8935,43.5447,103.3236,79.7957,7549,25.5888,209.1025,85.2253,3700,38.6846,269.6903,34.6559,6638,33.6934,324.4494,92.9721,5648,40.0193,205.8258,183.2201,8194,37.0297,266.4154,242.1286,7162,30.0684,121.4989,314.236,9137,23.6337,193.0217,359.782,5855,32.5776,243.1678,417.6425,7282,35.4735,329.7057,423.1887,6098,38.9318,304.7906,329.6799,8576,25.9137,365.634,220.6687,4311,16.4217,435.648,259.6563,3462,10.1736,470.3105,354.5347,2918,9.6741,465.3218,412.9486,3773,25.7466,378.7266,459.9347,1932,34.4762,493.2246,277.6252,5138,28.7345,449.043,156.8344,1722,16.8211,495.3142,47.0813,2012,16.9175,448.6143,81.0934
38,13.avi,9207,43.3984,29.3343,133.4033,8935,42.8585,103.3236,79.7957,7549,25.4834,209.1025,85.2253,3700,38.6905,269.6903,34.6559,6638,33.7227,324.4494,92.9721,5648,40.3805,205.8258,183.2201,8194,36.5663,266.4154,242.1286,7162,29.7713,121.4989,314.236,9137,23.0248,193.0217,359.782,5855,31.737,243.1678,417.6425,7282,34.518,329.7057,423.1887,6098,38.7215,304.7906,329.6799,8576,25.9365,365.634,220.6687,4311,16.0334,435.648,259.6563,3462,10.1404,470.3105,354.5347,2918,9.1282,465.3218,412.9486,3773,24.4718,378.7266,459.9347,1932,33.4063,493.2246,277.6252,5138,28.5743,449.043,156.8344,1722,16.7886,495.3142,47.0813,2012,16.4264,448.6143,81.0934
39,13.avi,9207,42.2659,29.3343,133.4033,8935,42.2471,103.3236,79.7957,7549,25.1541,209.1025,85.2253,3700,37.8362,269.6903,34.6559,6638,33.1344,324.4494,92.9721,5648,39.3582,205.8258,183.2201,8194,36.3141,266.4154,242.1286,7162,29.2075,121.4989,314.236,9137,22.3959,193.0217,359.782,5855,32.0091,243.1678,417.6425,7282,34.5067,329.7057,423.1887,6098,38.3793,304.7906,329.6799,8576,25.624,365.634,220.6687,4311,15.5484,435.648,259.6563,3462,9.7322,470.3105,354.5347,2918,8.8646,465.3218,412.9486,3773,24.6369,378.7266,459.9347,1932,33.4638,493.2246,277.6252,5138,28.5189,449.043,156.8344,1722,16.2114,495.3142,47.0813,2012,16.6113,448.6143,81.0934
40,13.avi,9207,41.7741,29.3343,133.4033,8935,42.7219,103.3236,79.7957,7549,25.4268,209.1025,85.2253,3700,37.6543,269.6903,34.6559,6638,32.5462,324.4494,92.9721,5648,39.0009,205.8258,183.2201,8194,35.9513,266.4154,242.1286,7162,29.3722,121.4989,314.236,9137,22.8647,193.0217,359.782,5855,32.4866,243.1678,417.6425,7282,35.0021,329.7057,423.1887,6098,38.6255,304.7906,329.6799,8576,25.781,365.634,220.6687,4311,15.7061,435.648,259.6563,3462,10.035,470.3105,354.5347,2918,9.3831,465.3218,412.9486,3773,25.2104,378.7266,459.9347,1932,32.986,493.2246,277.6252,5138,28.2079,449.043,156.8344,1722,16.5813,495.3142,47.0813,2012,16.5999,448.6143,81.0934
41,13.avi,9207,42.3555,29.3343,133.4033,8935,42.5274,103.3236,79.7957,7549,24.9048,209.1025,85.2253,3700,37.4297,269.6903,34.6559,6638,32.2826,324.4494,92.9721,5648,38.9557,205.8258,183.2201,8194,36.3184,266.4154,242.1286,7162,29.6426,121.4989,314.236,9137,22.8244,193.0217,359.782,5855,32.0782,243.1678,417.6425,7282,34.8564,329.7057,423.1887,6098,39.0838,304.7906,329.6799,8576,25.4361,365.634,220.6687,4311,15.4755,435.648,259.6563,3462,9.8403,470.3105,354.5347,2918,9.1703,465.3218,412.9486,3773,24.6181,378.7266,459.9347,1932,32.7598,493.2246,277.6252,5138,28.2785,449.043,156.8344,1722,16.8014,495.3142,47.0813,2012,16.7898,448.6143,81.0934
42,13.avi,9207,42.6567,29.3343,133.4033,8935,42.8368,103.3236,79.7957,7549,24.9538,209.1025,85.2253,3700,37.9903,269.6903,34.6559,6638,32.2517,324.4494,92.9721,5648,39.1909,205.8258,183.2201,8194,35.9287,266.4154,242.1286,7162,30.069,121.4989,314.236,9137,22.9284,193.0217,359.782,5855,32.2572,243.1678,417.6425,7282,34.9968,329.7057,423.1887,6098,39.112,304.7906,329.6799,8576,25.643,365.634,220.6687,4311,15.765,435.648,259.6563,3462,9.8899,470.3105,354.5347,2918,9.0079,465.3218,412.9486,3773,24.6435,378.7266,459.9347,1932,33.323,493.2246,277.6252,5138,28.1094,449.043,156.8344,1722,16.2178,495.3142,47.0813,2012,16.6749,448.6143,81.0934
43,13.avi,9207,43.337,29.3343,133.4033,8935,43.0837,103.3236,79.7957,7549,24.9771,209.1025,85.2253,3700,37.8284,269.6903,34.6559,6638,32.5092,324.4494,92.9721,5648,39.6762,205.8258,183.2201,8194,36.8435,266.4154,242.1286,7162,30.568,121.4989,314.236,9137,23.6285,193.0217,359.782,5855,32.5464,243.1678,417.6425,7282,35.2277,329.7057,423.1887,6098,39.2189,304.7906,329.6799,8576,25.4404,365.634,220.6687,4311,17.1167,435.648,259.6563,3462,9.6239,470.3105,354.5347,2918,9.6511,465.3218,412.9486,3773,24.9724,378.7266,459.9347,1932,33.8251,493.2246,277.6252,5138,28.7334,449.043,156.8344,1722,17.0116,495.3142,47.0813,2012,16.3653,448.6143,81.0934
44,13.avi,9207,42.6686,29.3343,133.4033,8935,42.9996,103.3236,79.7957,7549,25.153,209.1025,85.2253,3700,38.6608,269.6903,34.6559,6638,31.9837,324.4494,92.9721,5648,38.816,205.8258,183.2201,8194,36.5303,266.4154,242.1286,7162,30.6805,121.4989,314.236,9137,24.1974,193.0217,359.782,5855,32.6137,243.1678,417.6425,7282,36.0963,329.7057,423.1887,6098,39.1538,304.7906,329.6799,8576,25.2378,365.634,220.6687,4311,18.4254,435.648,259.6563,3462,9.9139,470.3105,354.5347,2918,9.3927,465.3218,412.9486,3773,26.1103,378.7266,459.9347,1932,33.8913,493.2246,277.6252,5138,28.3394,449.043,156.8344,1722,17.4541,495.3142,47.0813,2012,16.1009,448.6143,81.0934
45,13.avi,9207,42.8951,29.3343,133.4033,8935,43.1668,103.3236,79.7957,7549,25.3575,209.1025,85.2253,3700,39.1541,269.6903,34.6559,6638,32.1442,324.4494,92.9721,5648,38.3998,205.8258,183.2201,8194,36.9292,266.4154,242.1286,7162,31.1583,121.4989,314.236,9137,26.2318,193.0217,359.782,5855,32.7645,243.1678,417.6425,7282,36.528,329.7057,423.1887,6098,39.1597,304.7906,329.6799,8576,25.3351,365.634,220.6687,4311,26.6031,435.648,259.6563,3462,10.3024,470.3105,354.5347,2918,10.4928,465.3218,412.9486,3773,46.5892,378.7266,459.9347,1932,34.9322,493.2246,277.6252,5138,28.3511,449.043,156.8344,1722,19.6916,495.3142,47.0813,2012,16.8439,448.6143,81.0934
46,13.avi,9207,46.2662,29.3343,133.4033,8935,43.6696,103.3236,79.7957,7549,25.6622,209.1025,85.2253,3700,39.8738,269.6903,34.6559,6638,32.7912,324.4494,92.9721,5648,38.6333,205.8258,183.2201,8194,38.0633,266.4154,242.1286,7162,32.0785,121.4989,314.236,9137,33.6731,193.0217,359.782,5855,34.752,243.1678,417.6425,7282,37.4868,329.7057,423.1887,6098,40.7622,304.7906,329.6799,8576,25.9004,365.634,220.6687,4311,40.4526,435.648,259.6563,3462,10.918,470.3105,354.5347,2918,10.5391,465.3218,412.9486,3773,91.6382,378.7266,459.9347,1932,36.6874,493.2246,277.6252,5138,28.6053,449.043,156.8344,1722,49.1771,495.3142,47.0813,2012,16.9215,448.6143,81.0934
47,13.avi,9207,53.7986,29.3343,133.4033,8935,44.397,103.3236,79.7957,7549,26.3412,209.1025,85.2253,3700,40.4349,269.6903,34.6559,6638,32.8408,324.4494,92.9721,5648,40.6719,205.8258,183.2201,8194,40.8101,266.4154,242.1286,7162,33.5577,121.4989,314.236,9137,49.6977,193.0217,359.782,5855,37.6386,243.1678,417.6425,7282,39.5147,329.7057,423.1887,6098,42.9216,304.7906,329.6799,8576,26.2952,365.634,220.6687,4311,46.1494,435.648,259.6563,3462,11.4532,470.3105,354.5347,2918,10.9133,465.3218,412.9486,3773,116.0355,378.7266,459.9347,1932,38.9881,493.2246,277.6252,5138,29.7388,449.043,156.8344,1722,76.2009,495.3142,47.0813,2012,16.8902,448.6143,81.0934
48,13.avi,9207,61.2135,29.3343,133.4033,8935,45.1036,103.3236,79.7957,7549,27.3932,209.1025,85.2253,3700,40.4838,269.6903,34.6559,6638,33.0679,324.4494,92.9721,5648,39.9605,205.8258,183.2201,8194,46.5751,266.4154,242.1286,7162,34.8593,121.4989,314.236,9137,59.0919,193.0217,359.782,5855,41.3706,243.1678,417.6425,7282,40.5185,329.7057,423.1887,6098,45.0802,304.7906,329.6799,8576,26.054,365.634,220.6687,4311,44.4041,435.648,259.6563,3462,11.8322,470.3105,354.5347,2918,10.7162,465.3218,412.9486,3773,116.3456,378.7266,459.9347,1932,44.5978,493.2246,277.6252,5138,29.3114,449.043,156.8344,1722,76.9338,495.3142,47.0813,2012,16.9215,448.6143,81.0934
49,13.avi,9207,64.1364,29.3343,133.4033,8935,45.0948,103.3236,79.7957,7549,27.1863,209.1025,85.2253,3700,40.2911,269.6903,34.6559,6638,33.2541,324.4494,92.9721,5648,41.6227,205.8258,183.2201,8194,91.8456,266.4154,242.1286,7162,36.5397,121.4989,314.236,9137,60.2004,193.0217,359.782,5855,42.5404,243.1678,417.6425,7282,43.0779,329.7057,423.1887,6098,45.7935,304.7906,329.6799,8576,26.6321,365.634,220.6687,4311,40.9135,435.648,259.6563,3462,13.6823,470.3105,354.5347,2918,11.5723,465.3218,412.9486,3773,104.8813,378.7266,459.9347,1932,59.4643,493.2246,277.6252,5138,29.9675,449.043,156.8344,1722,67.2015,495.3142,47.0813,2012,17.4071,448.6143,81.0934
50,13.avi,9207,67.6251,29.3343,133.4033,8935,44.7932,103.3236,79.7957,7549,27.0772,209.1025,85.2253,3700,40.7014,269.6903,34.6559,6638,33.4563,324.4494,92.9721,5648,42.2817,205.8258,183.2201,8194,129.6139,266.4154,242.1286,7162,37.915,121.4989,314.236,9137,58.7393,193.0217,359.782,5855,44.6102,243.1678,417.6425,7282,47.0126,329.7057,423.1887,6098,48.6842,304.7906,329.6799,8576,27.1077,365.634,220.6687,4311,37.3169,435.648,259.6563,3462,14.8712,470.3105,354.5347,2918,12.1929,465.3218,412.9486,3773,85.0954,378.7266,459.9347,1932,103.4369,493.2246,277.6252,5138,30.9471,449.043,156.8344,1722,53.2636,495.3142,47.0813,2012,16.9543,448.6143,81.0934
51,13.avi,9207,67.2147,29.3343,133.4033,8935,44.5208,103.3236,79.7957,7549,27.0449,209.1025,85.2253,3700,39.5254,269.6903,34.6559,6638,34.0443,324.4494,92.9721,5648,42.7518,205.8258,183.2201,8194,134.3195,266.4154,242.1286,7162,39.8838,121.4989,314.236,9137,53.4704,193.0217,359.782,5855,46.5015,243.1678,417.6425,7282,55.813,329.7057,423.1887,6098,57.0317,304.7906,329.6799,8576,27.2793,365.634,220.6687,4311,32.4164,435.648,259.6563,3462,17.4792,470.3105,354.5347,2918,13.3509,465.3218,412.9486,3773,59.9385,378.7266,459.9347,1932,135.3194,493.2246,277.6252,5138,31.1347,449.043,156.8344,1722,37.5226,495.3142,47.0813,2012,17.8588,448.6143,81.0934
52,13.avi,9207,66.8469,29.3343,133.4033,8935,44.7018,103.3236,79.7957,7549,28.3087,209.1025,85.2253,3700,39.6095,269.6903,34.6559,6638,33.3814,324.4494,92.9721,5648,42.2325,205.8258,183.2201,8194,129.3513,266.4154,242.1286,7162,39.6433,121.4989,314.236,9137,47.614,193.0217,359.782,5855,51.428,243.1678,417.6425,7282,74.6107,329.7057,423.1887,6098,74.1223,304.7906,329.6799,8576,26.7997,365.634,220.6687,4311,27.261,435.648,259.6563,3462,21.383,470.3105,354.5347,2918,14.4602,465.3218,412.9486,3773,41.2592,378.7266,459.9347,1932,137.5088,493.2246,277.6252,5138,32.456,449.043,156.8344,1722,28.658,495.3142,47.0813,2012,17.8673,448.6143,81.0934
53,13.avi,9207,65.995,29.3343,133.4033,8935,44.6809,103.3236,79.7957,7549,28.8425,209.1025,85.2253,3700,40.0062,269.6903,34.6559,6638,33.8072,324.4494,92.9721,5648,42.2442,205.8258,183.2201,8194,116.5322,266.4154,242.1286,7162,39.8713,121.4989,314.236,9137,41.7951,193.0217,359.782,5855,61.1716,243.1678,417.6425,7282,98.5593,329.7057,423.1887,6098,116.7678,304.7906,329.6799,8576,27.2547,365.634,220.6687,4311,22.4874,435.648,259.6563,3462,24.4139,470.3105,354.5347,2918,16.9794,465.3218,412.9486,3773,33.7063,378.7266,459.9347,1932,127.8872,493.2246,277.6252,5138,32.4634,449.043,156.8344,1722,22.374,495.3142,47.0813,2012,20.4732,448.6143,81.0934
54,13.avi,9207,64.9668,29.3343,133.4033,8935,44.4088,103.3236,79.7957,7549,29.3177,209.1025,85.2253,3700,41.1578,269.6903,34.6559,6638,33.597,324.4494,92.9721,5648,42.0074,205.8258,183.2201,8194,96.878,266.4154,242.1286,7162,40.1271,121.4989,314.236,9137,35.3554,193.0217,359.782,5855,73.6196,243.1678,417.6425,7282,111.8656,329.7057,423.1887,6098,132.6146,304.7906,329.6799,8576,27.2218,365.634,220.6687,4311,19.5711,435.648,259.6563,3462,28.4723,470.3105,354.5347,2918,20.3568,465.3218,412.9486,3773,30.8452,378.7266,459.9347,1932,103.4705,493.2246,277.6252,5138,33.6806,449.043,156.8344,1722,18.9907,495.3142,47.0813,2012,21.8534,448.6143,81.0934
55,13.avi,9207,67.644,29.3343,133.4033,8935,45.2,103.3236,79.7957,7549,30.226,209.1025,85.2253,3700,41.1759,269.6903,34.6559,6638,32.5036,324.4494,92.9721,5648,43.102,205.8258,183.2201,8194,73.8132,266.4154,242.1286,7162,41.6899,121.4989,314.236,9137,30.0031,193.0217,359.782,5855,85.3032,243.1678,417.6425,7282,113.9017,329.7057,423.1887,6098,133.2048,304.7906,329.6799,8576,27.1751,365.634,220.6687,4311,17.5412,435.648,259.6563,3462,31.7652,470.3105,354.5347,2918,25.013,465.3218,412.9486,3773,29.6578,378.7266,459.9347,1932,71.1677,493.2246,277.6252,5138,35.5697,449.043,156.8344,1722,17.3885,495.3142,47.0813,2012,23.5671,448.6143,81.0934
56,13.avi,9207,69.7016,29.3343,133.4033,8935,45.6744,103.3236,79.7957,7549,31.7067,209.1025,85.2253,3700,40.7538,269.6903,34.6559,6638,32.3344,324.4494,92.9721,5648,43.3123,205.8258,183.2201,8194,56.402,266.4154,242.1286,7162,43.2161,121.4989,314.236,9137,26.9553,193.0217,359.782,5855,86.4968,243.1678,417.6425,7282,101.3868,329.7057,423.1887,6098,128.784,304.7906,329.6799,8576,26.6258,365.634,220.6687,4311,16.396,435.648,259.6563,3462,30.8793,470.3105,354.5347,2918,27.5041,465.3218,412.9486,3773,29.3673,378.7266,459.9347,1932,49.3975,493.2246,277.6252,5138,36.0354,449.043,156.8344,1722,17.2143,495.3142,47.0813,2012,26.0651,448.6143,81.0934
57,13.avi,9207,72.2486,29.3343,133.4033,8935,45.3598,103.3236,79.7957,7549,32.2493,209.1025,85.2253,3700,41.7649,269.6903,34.6559,6638,32.6041,324.4494,92.9721,5648,42.8653,205.8258,183.2201,8194,45.7067,266.4154,242.1286,7162,46.8559,121.4989,314.236,9137,24.7669,193.0217,359.782,5855,87.3175,243.1678,417.6425,7282,82.6526,329.7057,423.1887,6098,114.5098,304.7906,329.6799,8576,26.3622,365.634,220.6687,4311,15.7117,435.648,259.6563,3462,28.0973,470.3105,354.5347,2918,27.9517,465.3218,412.9486,3773,27.4084,378.7266,459.9347,1932,40.06,493.2246,277.6252,5138,35.6989,449.043,156.8344,1722,16.8839,495.3142,47.0813,2012,28.0835,448.6143,81.0934
58,13.avi,9207,80.2429,29.3343,133.4033,8935,46.4087,103.3236,79.7957,7549,35.038,209.1025,85.2253,3700,40.6068,269.6903,34.6559,6638,32.549,324.4494,92.9721,5648,42.6429,205.8258,183.2201,8194,40.1648,266.4154,242.1286,7162,46.8248,121.4989,314.236,9137,23.5767,193.0217,359.782,5855,85.6673,243.1678,417.6425,7282,64.3485,329.7057,423.1887,6098,90.7309,304.7906,329.6799,8576,26.4812,365.634,220.6687,4311,15.6235,435.648,259.6563,3462,25.3377,470.3105,354.5347,2918,26.9188,465.3218,412.9486,3773,26.7975,378.7266,459.9347,1932,36.5595,493.2246,277.6252,5138,38.984,449.043,156.8344,1722,16.669,495.3142,47.0813,2012,26.6784,448.6143,81.0934
59,13.avi,9207,87.6101,29.3343,133.4033,8935,46.9382,103.3236,79.7957,7549,41.4708,209.1025,85.2253,3700,39.8754,269.6903,34.6559,6638,32.5359,324.4494,92.9721,5648,41.9848,205.8258,183.2201,8194,37.5204,266.4154,242.1286,7162,47.2959,121.4989,314.236,9137,22.6026,193.0217,359.782,5855,83.6065,243.1678,417.6425,7282,50.8554,329.7057,423.1887,6098,64.9782,304.7906,329.6799,8576,26.3734,365.634,220.6687,4311,15.1742,435.648,259.6563,3462,20.1427,470.3105,354.5347,2918,24.1254,465.3218,412.9486,3773,25.5343,378.7266,459.9347,1932,35.8116,493.2246,277.6252,5138,43.0253,449.043,156.8344,1722,16.4541,495.3142,47.0813,2012,24.3116,448.6143,81.0934
60,13.avi,9207,90.5145,29.3343,133.4033,8935,47.6096,103.3236,79.7957,7549,45.1494,209.1025,85.2253,3700,40.8816,269.6903,34.6559,6638,32.6583,324.4494,92.9721,5648,40.7723,205.8258,183.2201,8194,36.0403,266.4154,242.1286,7162,47.9986,121.4989,314.236,9137,21.8658,193.0217,359.782,5855,75.7095,243.1678,417.6425,7282,42.8465,329.7057,423.1887,6098,49.5398,304.7906,329.6799,8576,25.8104,365.634,220.6687,4311,15.122,435.648,259.6563,3462,16.2811,470.3105,354.5347,2918,20.5541,465.3218,412.9486,3773,25.4636,378.7266,459.9347,1932,34.6206,493.2246,277.6252,5138,50.4089,449.043,156.8344,1722,16.2236,495.3142,47.0813,2012,21.663,448.6143,81.0934
61,13.avi,9207,90.0307,29.3343,133.4033,8935,48.281,103.3236,79.7957,7549,52.8628,209.1025,85.2253,3700,41.9546,269.6903,34.6559,6638,32.8091,324.4494,92.9721,5648,40.6815,205.8258,183.2201,8194,34.832,266.4154,242.1286,7162,50.8094,121.4989,314.236,9137,21.1272,193.0217,359.782,5855,65.4792,243.1678,417.6425,7282,38.0994,329.7057,423.1887,6098,42.8016,304.7906,329.6799,8576,25.8696,365.634,220.6687,4311,15.1176,435.648,259.6563,3462,13.5491,470.3105,354.5347,2918,17.621,465.3218,412.9486,3773,24.1341,378.7266,459.9347,1932,34.2707,493.2246,277.6252,5138,60.4486,449.043,156.8344,1722,15.7991,495.3142,47.0813,2012,21.2078,448.6143,81.0934
62,13.avi,9207,91.2653,29.3343,133.4033,8935,48.4284,103.3236,79.7957,7549,59.2592,209.1025,85.2253,3700,41.3522,269.6903,34.6559,6638,32.3384,324.4494,92.9721,5648,40.7325,205.8258,183.2201,8194,34.0692,266.4154,242.1286,7162,50.3309,121.4989,314.236,9137,20.8031,193.0217,359.782,5855,56.0635,243.1678,417.6425,7282,35.819,329.7057,423.1887,6098,40.3337,304.7906,329.6799,8576,25.8693,365.634,220.6687,4311,15.6279,435.648,259.6563,3462,11.831,470.3105,354.5347,2918,14.3787,465.3218,412.9486,3773,23.9144,378.7266,459.9347,1932,33.3923,493.2246,277.6252,5138,68.5798,449.043,156.8344,1722,15.734,495.3142,47.0813,2012,19.4925,448.6143,81.0934
63,13.avi,9207,90.8033,29.3343,133.4033,8935,48.3478,103.3236,79.7957,7549,59.6162,209.1025,85.2253,3700,41.5595,269.6903,34.6559,6638,32.4586,324.4494,92.9721,5648,40.7872,205.8258,183.2201,8194,34.4144,266.4154,242.1286,7162,50.3486,121.4989,314.236,9137,20.5616,193.0217,359.782,5855,46.7032,243.1678,417.6425,7282,34.5742,329.7057,423.1887,6098,39.3157,304.7906,329.6799,8576,25.9787,365.634,220.6687,4311,15.4502,435.648,259.6563,3462,10.8255,470.3105,354.5347,2918,12.3917,465.3218,412.9486,3773,24.5897,378.7266,459.9347,1932,33.3934,493.2246,277.6252,5138,67.2476,449.043,156.8344,1722,16.0836,495.3142,47.0813,2012,18.9538,448.6143,81.0934
64,13.avi,9207,89.1766,29.3343,133.4033,8935,47.967,103.3236,79.7957,7549,52.425,209.1025,85.2253,3700,44.6089,269.6903,34.6559,6638,31.8453,324.4494,92.9721,5648,41.2571,205.8258,183.2201,8194,33.9212,266.4154,242.1286,7162,48.0036,121.4989,314.236,9137,20.0376,193.0217,359.782,5855,41.2314,243.1678,417.6425,7282,33.5152,329.7057,423.1887,6098,38.5021,304.7906,329.6799,8576,25.6585,365.634,220.6687,4311,14.9717,435.648,259.6563,3462,10.6407,470.3105,354.5347,2918,11.1662,465.3218,412.9486,3773,23.9017,378.7266,459.9347,1932,33.8458,493.2246,277.6252,5138,59.8161,449.043,156.8344,1722,16.1719,495.3142,47.0813,2012,17.998,448.6143,81.0934
65,13.avi,9207,86.0182,29.3343,133.4033,8935,47.3356,103.3236,79.7957,7549,44.7937,209.1025,85.2253,3700,45.7076,269.6903,34.6559,6638,31.9022,324.4494,92.9721,5648,40.3313,205.8258,183.2201,8194,33.627,266.4154,242.1286,7162,45.5994,121.4989,314.236,9137,19.7791,193.0217,359.782,5855,38.8601,243.1678,417.6425,7282,33.46,329.7057,423.1887,6098,38.0446,304.7906,329.6799,8576,25.7778,365.634,220.6687,4311,14.9845,435.648,259.6563,3462,10.1453,470.3105,354.5347,2918,9.5463,465.3218,412.9486,3773,23.8023,378.7266,459.9347,1932,33.3432,493.2246,277.6252,5138,49.2785,449.043,156.8344,1722,15.8949,495.3142,47.0813,2012,18.341,448.6143,81.0934
66,13.avi,9207,82.3866,29.3343,133.4033,8935,47.4029,103.3236,79.7957,7549,37.9866,209.1025,85.2253,3700,48.3189,269.6903,34.6559,6638,31.7775,324.4494,92.9721,5648,40.0907,205.8258,183.2201,8194,33.5509,266.4154,242.1286,7162,42.5161,121.4989,314.236,9137,19.6671,193.0217,359.782,5855,35.6861,243.1678,417.6425,7282,33.6408,329.7057,423.1887,6098,37.3801,304.7906,329.6799,8576,25.6538,365.634,220.6687,4311,14.5068,435.648,259.6563,3462,10.1179,470.3105,354.5347,2918,9.2673,465.3218,412.9486,3773,23.8691,378.7266,459.9347,1932,33.8634,493.2246,277.6252,5138,42.4253,449.043,156.8344,1722,16.6969,495.3142,47.0813,2012,17.7644,448.6143,81.0934
67,13.avi,9207,77.3035,29.3343,133.4033,8935,47.9534,103.3236,79.7957,7549,32.3602,209.1025,85.2253,3700,45.0762,269.6903,34.6559,6638,31.7552,324.4494,92.9721,5648,40.1845,205.8258,183.2201,8194,33.6567,266.4154,242.1286,7162,40.412,121.4989,314.236,9137,19.591,193.0217,359.782,5855,34.1387,243.1678,417.6425,7282,32.9268,329.7057,423.1887,6098,36.9434,304.7906,329.6799,8576,25.9275,365.634,220.6687,4311,14.653,435.648,259.6563,3462,10.723,470.3105,354.5347,2918,9.1474,465.3218,412.9486,3773,24.8919,378.7266,459.9347,1932,33.0538,493.2246,277.6252,5138,35.7238,449.043,156.8344,1722,16.7875,495.3142,47.0813,2012,17.3832,448.6143,81.0934
68,13.avi,9207,69.8768,29.3343,133.4033,8935,48.6632,103.3236,79.7957,7549,29.1122,209.1025,85.2253,3700,44.2992,269.6903,34.6559,6638,31.5874,324.4494,92.9721,5648,39.8755,205.8258,183.2201,8194,33.0288,266.4154,242.1286,7162,38.5332,121.4989,314.236,9137,19.1499,193.0217,359.782,5855,33.1407,243.1678,417.6425,7282,32.6673,329.7057,423.1887,6098,36.3347,304.7906,329.6799,8576,25.4822,365.634,220.6687,4311,14.3011,435.648,259.6563,3462,10.1592,470.3105,354.5347,2918,9.1737,465.3218,412.9486,3773,23.3435,378.7266,459.9347,1932,32.5564,493.2246,277.6252,5138,31.3807,449.043,156.8344,1722,16.8084,495.3142,47.0813,2012,17.3345,448.6143,81.0934
69,13.avi,9207,62.081,29.3343,133.4033,8935,49.5082,103.3236,79.7957,7549,27.3913,209.1025,85.2253,3700,43.1316,269.6903,34.6559,6638,32.0315,324.4494,92.9721,5648,41.9334,205.8258,183.2201,8194,32.8229,266.4154,242.1286,7162,37.4111,121.4989,314.236,9137,19.1693,193.0217,359.782,5855,32.7665,243.1678,417.6425,7282,32.7263,329.7057,423.1887,6098,36.4103,304.7906,329.6799,8576,25.8088,365.634,220.6687,4311,14.5952,435.648,259.6563,3462,9.9697,470.3105,354.5347,2918,8.5583,465.3218,412.9486,3773,23.9173,378.7266,459.9347,1932,32.6356,493.2246,277.6252,5138,29.9562,449.043,156.8344,1722,18.4146,495.3142,47.0813,2012,17.1585,448.6143,81.0934
70,13.avi,9207,56.5792,29.3343,133.4033,8935,48.7234,103.3236,79.7957,7549,26.4986,209.1025,85.2253,3700,42.9765,269.6903,34.6559,6638,31.8167,324.4494,92.9721,5648,41.4757,205.8258,183.2201,8194,32.7507,266.4154,242.1286,7162,35.2864,121.4989,314.236,9137,19.073,193.0217,359.782,5855,32.3349,243.1678,417.6425,7282,32.2289,329.7057,423.1887,6098,36.7017,304.7906,329.6799,8576,25.6151,365.634,220.6687,4311,15.0682,435.648,259.6563,3462,9.5904,470.3105,354.5347,2918,8.8293,465.3218,412.9486,3773,22.8945,378.7266,459.9347,1932,33.1765,493.2246,277.6252,5138,28.9031,449.043,156.8344,1722,19.475,495.3142,47.0813,2012,17.4066,448.6143,81.0934
71,13.avi,9207,52.0635,29.3343,133.4033,8935,48.317,103.3236,79.7957,7549,25.1114,209.1025,85.2253,3700,42.2503,269.6903,34.6559,6638,31.6601,324.4494,92.9721,5648,41.2502,205.8258,183.2201,8194,32.8208,266.4154,242.1286,7162,33.1547,121.4989,314.236,9137,19.2124,193.0217,359.782,5855,31.9812,243.1678,417.6425,7282,32.0838,329.7057,423.1887,6098,36.275,304.7906,329.6799,8576,24.8025,365.634,220.6687,4311,16.0612,435.648,259.6563,3462,9.6681,470.3105,354.5347,2918,8.2049,465.3218,412.9486,3773,23.4779,378.7266,459.9347,1932,33.1175,493.2246,277.6252,5138,28.007,449.043,156.8344,1722,25.2323,495.3142,47.0813,2012,17.0413,448.6143,81.0934
72,13.avi,9207,49.6402,29.3343,133.4033,8935,47.9078,103.3236,79.7957,7549,25.6776,209.1025,85.2253,3700,42.1851,269.6903,34.6559,6638,31.4498,324.4494,92.9721,5648,40.7569,205.8258,183.2201,8194,32.4753,266.4154,242.1286,7162,31.3791,121.4989,314.236,9137,19.7811,193.0217,359.782,5855,30.5973,243.1678,417.6425,7282,32.0779,329.7057,423.1887,6098,36.1381,304.7906,329.6799,8576,25.7929,365.634,220.6687,4311,19.0135,435.648,259.6563,3462,9.7478,470.3105,354.5347,2918,8.157,465.3218,412.9486,3773,23.092,378.7266,459.9347,1932,32.8064,493.2246,277.6252,5138,27.7277,449.043,156.8344,1722,33.5168,495.3142,47.0813,2012,18.2639,448.6143,81.0934
73,13.avi,9207,46.8984,29.3343,133.4033,8935,47.0729,103.3236,79.7957,7549,24.6721,209.1025,85.2253,3700,41.8095,269.6903,34.6559,6638,31.0176,324.4494,92.9721,5648,39.636,205.8258,183.2201,8194,32.5195,266.4154,242.1286,7162,30.45,121.4989,314.236,9137,19.3055,193.0217,359.782,5855,30.5541,243.1678,417.6425,7282,31.9813,329.7057,423.1887,6098,35.6989,304.7906,329.6799,8576,25.1664,365.634,220.6687,4311,20.894,435.648,259.6563,3462,9.7155,470.3105,354.5347,2918,8.1837,465.3218,412.9486,3773,22.7994,378.7266,459.9347,1932,32.7081,493.2246,277.6252,5138,27.754,449.043,156.8344,1722,38.5174,495.3142,47.0813,2012,17.2261,448.6143,81.0934
74,13.avi,9207,45.1123,29.3343,133.4033,8935,47.0339,103.3236,79.7957,7549,24.4566,209.1025,85.2253,3700,42.0684,269.6903,34.6559,6638,30.8905,324.4494,92.9721,5648,38.5009,205.8258,183.2201,8194,33.0327,266.4154,242.1286,7162,30.2869,121.4989,314.236,9137,19.545,193.0217,359.782,5855,30.2237,243.1678,417.6425,7282,32.0185,329.7057,423.1887,6098,35.8742,304.7906,329.6799,8576,25.2297,365.634,220.6687,4311,21.8228,435.648,259.6563,3462,9.9116,470.3105,354.5347,2918,8.2193,465.3218,412.9486,3773,23.1956,378.7266,459.9347,1932,33.2764,493.2246,277.6252,5138,27.6816,449.043,156.8344,1722,44.453,495.3142,47.0813,2012,17.0512,448.6143,81.0934
75,13.avi,9207,43.646,29.3343,133.4033,8935,46.3703,103.3236,79.7957,7549,24.2333,209.1025,85.2253,3700,41.9719,269.6903,34.6559,6638,31.3588,324.4494,92.9721,5648,38.614,205.8258,183.2201,8194,33.3756,266.4154,242.1286,7162,30.272,121.4989,314.236,9137,19.1455,193.0217,359.782,5855,29.3503,243.1678,417.6425,7282,31.9761,329.7057,423.1887,6098,35.4756,304.7906,329.6799,8576,25.0184,365.634,220.6687,4311,25.9418,435.648,259.6563,3462,9.6496,470.3105,354.5347,2918,8.1542,465.3218,412.9486,3773,23.4445,378.7266,459.9347,1932,33.1915,493.2246,277.6252,5138,27.5905,449.043,156.8344,1722,46.2509,495.3142,47.0813,2012,17.1029,448.6143,81.0934
76,13.avi,9207,42.3677,29.3343,133.4033,8935,46.3835,103.3236,79.7957,7549,24.6766,209.1025,85.2253,3700,42.893,269.6903,34.6559,6638,31.3176,324.4494,92.9721,5648,39.0214,205.8258,183.2201,8194,33.1814,266.4154,242.1286,7162,29.4433,121.4989,314.236,9137,19.3058,193.0217,359.782,5855,29.2504,243.1678,417.6425,7282,32.2251,329.7057,423.1887,6098,34.9806,304.7906,329.6799,8576,25.147,365.634,220.6687,4311,28.4236,435.648,259.6563,3462,9.684,470.3105,354.5347,2918,8.3472,465.3218,412.9486,3773,24.1079,378.7266,459.9347,1932,33.6832,493.2246,277.6252,5138,27.2548,449.043,156.8344,1722,40.8746,495.3142,47.0813,2012,17.161,448.6143,81.0934
77,13.avi,9207,41.5999,29.3343,133.4033,8935,47.5054,103.3236,79.7957,7549,24.4556,209.1025,85.2253,3700,42.1378,269.6903,34.6559,6638,31.2715,324.4494,92.9721,5648,38.037,205.8258,183.2201,8194,32.9639,266.4154,242.1286,7162,29.4031,121.4989,314.236,9137,19.1533,193.0217,359.782,5855,29,243.1678,417.6425,7282,32.0957,329.7057,423.1887,6098,35.2242,304.7906,329.6799,8576,25.9587,365.634,220.6687,4311,26.6458,435.648,259.6563,3462,9.2787,470.3105,354.5347,2918,8.2711,465.3218,412.9486,3773,24.3907,378.7266,459.9347,1932,35.0316,493.2246,277.6252,5138,27.0533,449.043,156.8344,1722,33.6249,495.3142,47.0813,2012,17.0224,448.6143,81.0934
78,13.avi,9207,42.0162,29.3343,133.4033,8935,47.3489,103.3236,79.7957,7549,24.1353,209.1025,85.2253,3700,43.71,269.6903,34.6559,6638,31.2689,324.4494,92.9721,5648,38.9196,205.8258,183.2201,8194,32.6205,266.4154,242.1286,7162,28.7744,121.4989,314.236,9137,19.0848,193.0217,359.782,5855,29.1197,243.1678,417.6425,7282,31.8612,329.7057,423.1887,6098,35.1947,304.7906,329.6799,8576,25.675,365.634,220.6687,4311,23.6901,435.648,259.6563,3462,9.6563,470.3105,354.5347,2918,8.306,465.3218,412.9486,3773,25.5531,378.7266,459.9347,1932,34.7019,493.2246,277.6252,5138,27.0019,449.043,156.8344,1722,25.2456,495.3142,47.0813,2012,16.924,448.6143,81.0934
79,13.avi,9207,41.6483,29.3343,133.4033,8935,47.6946,103.3236,79.7957,7549,24.1461,209.1025,85.2253,3700,44.7365,269.6903,34.6559,6638,31.1253,324.4494,92.9721,5648,39.9858,205.8258,183.2201,8194,32.4649,266.4154,242.1286,7162,27.8622,121.4989,314.236,9137,19.1962,193.0217,359.782,5855,29.1399,243.1678,417.6425,7282,32.0177,329.7057,423.1887,6098,34.9318,304.7906,329.6799,8576,25.2361,365.634,220.6687,4311,19.8265,435.648,259.6563,3462,9.4131,470.3105,354.5347,2918,8.585,465.3218,412.9486,3773,26.2412,378.7266,459.9347,1932,36.3427,493.2246,277.6252,5138,26.3466,449.043,156.8344,1722,19.7938,495.3142,47.0813,2012,16.3822,448.6143,81.0934
80,13.avi,9207,41.7712,29.3343,133.4033,8935,47.2845,103.3236,79.7957,7549,24.1043,209.1025,85.2253,3700,46.6446,269.6903,34.6559,6638,30.7787,324.4494,92.9721,5648,39.8159,205.8258,183.2201,8194,32.6255,266.4154,242.1286,7162,27.5698,121.4989,314.236,9137,19.6549,193.0217,359.782,5855,28.7605,243.1678,417.6425,7282,31.8911,329.7057,423.1887,6098,35.3991,304.7906,329.6799,8576,24.8546,365.634,220.6687,4311,17.0162,435.648,259.6563,3462,9.4783,470.3105,354.5347,2918,8.3187,465.3218,412.9486,3773,25.1898,378.7266,459.9347,1932,35.7132,493.2246,277.6252,5138,26.826,449.043,156.8344,1722,17.511,495.3142,47.0813,2012,17.0591,448.6143,81.0934
81,13.avi,9207,40.7121,29.3343,133.4033,8935,46.6275,103.3236,79.7957,7549,23.5672,209.1025,85.2253,3700,49.8438,269.6903,34.6559,6638,30.6036,324.4494,92.9721,5648,38.6416,205.8258,183.2201,8194,32.3208,266.4154,242.1286,7162,27.2876,121.4989,314.236,9137,18.9052,193.0217,359.782,5855,28.4586,243.1678,417.6425,7282,31.7372,329.7057,423.1887,6098,35.1601,304.7906,329.6799,8576,24.555,365.634,220.6687,4311,14.8065,435.648,259.6563,3462,9.4653,470.3105,354.5347,2918,7.8259,465.3218,412.9486,3773,24.5513,378.7266,459.9347,1932,35.1077,493.2246,277.6252,5138,26.4763,449.043,156.8344,1722,15.9744,495.3142,47.0813,2012,16.0244,448.6143,81.0934
82,13.avi,9207,40.3286,29.3343,133.4033,8935,46.7014,103.3236,79.7957,7549,23.6392,209.1025,85.2253,3700,48.8284,269.6903,34.6559,6638,30.9245,324.4494,92.9721,5648,38.6241,205.8258,183.2201,8194,32.3201,266.4154,242.1286,7162,27.585,121.4989,314.236,9137,18.9337,193.0217,359.782,5855,28.0654,243.1678,417.6425,7282,30.7936,329.7057,423.1887,6098,34.2785,304.7906,329.6799,8576,24.0311,365.634,220.6687,4311,13.3526,435.648,259.6563,3462,9.392,470.3105,354.5347,2918,7.4407,465.3218,412.9486,3773,26.1932,378.7266,459.9347,1932,33.5487,493.2246,277.6252,5138,26.0045,449.043,156.8344,1722,15.2154,495.3142,47.0813,2012,16.3405,448.6143,81.0934
83,13.avi,9207,39.2852,29.3343,133.4033,8935,46.8583,103.3236,79.7957,7549,24.4818,209.1025,85.2253,3700,50.397,269.6903,34.6559,6638,31.8466,324.4494,92.9721,5648,38.7351,205.8258,183.2201,8194,31.6211,266.4154,242.1286,7162,27.8387,121.4989,314.236,9137,19.5623,193.0217,359.782,5855,27.9645,243.1678,417.6425,7282,31.5972,329.7057,423.1887,6098,34.3375,304.7906,329.6799,8576,24.518,365.634,220.6687,4311,12.9766,435.648,259.6563,3462,9.3166,470.3105,354.5347,2918,8.0199,465.3218,412.9486,3773,25.3769,378.7266,459.9347,1932,34.3116,493.2246,277.6252,5138,26.2011,449.043,156.8344,1722,15.3972,495.3142,47.0813,2012,16.4453,448.6143,81.0934
84,13.avi,9207,38.2463,29.3343,133.4033,8935,47.0248,103.3236,79.7957,7549,24.6188,209.1025,85.2253,3700,48.8973,269.6903,34.6559,6638,31.2255,324.4494,92.9721,5648,38.9683,205.8258,183.2201,8194,31.6098,266.4154,242.1286,7162,27.6902,121.4989,314.236,9137,19.5757,193.0217,359.782,5855,27.4823,243.1678,417.6425,7282,31.2541,329.7057,423.1887,6098,34.7593,304.7906,329.6799,8576,24.2671,365.634,220.6687,4311,12.373,435.648,259.6563,3462,9.2712,470.3105,354.5347,2918,8.4157,465.3218,412.9486,3773,25.189,378.7266,459.9347,1932,34.3297,493.2246,277.6252,5138,26.3912,449.043,156.8344,1722,15.0848,495.3142,47.0813,2012,16.2391,448.6143,81.0934
85,13.avi,9207,38.2404,29.3343,133.4033,8935,46.3246,103.3236,79.7957,7549,23.9093,209.1025,85.2253,3700,48.0949,269.6903,34.6559,6638,31.0286,324.4494,92.9721,5648,38.3245,205.8258,183.2201,8194,31.2867,266.4154,242.1286,7162,27.2235,121.4989,314.236,9137,19.4691,193.0217,359.782,5855,28.0319,243.1678,417.6425,7282,31.104,329.7057,423.1887,6098,35.0846,304.7906,329.6799,8576,24.2586,365.634,220.6687,4311,12.2635,435.648,259.6563,3462,9.5656,470.3105,354.5347,2918,8.2385,465.3218,412.9486,3773,25.617,378.7266,459.9347,1932,34.0859,493.2246,277.6252,5138,26.1907,449.043,156.8344,1722,15.2724,495.3142,47.0813,2012,17.1307,448.6143,81.0934
86,13.avi,9207,38.3133,29.3343,133.4033,8935,46.1219,103.3236,79.7957,7549,23.6511,209.1025,85.2253,3700,45.0024,269.6903,34.6559,6638,30.5173,324.4494,92.9721,5648,37.9534,205.8258,183.2201,8194,31.5471,266.4154,242.1286,7162,27.4056,121.4989,314.236,9137,19.6591,193.0217,359.782,5855,28.0277,243.1678,417.6425,7282,31.3717,329.7057,423.1887,6098,34.5705,304.7906,329.6799,8576,24.2762,365.634,220.6687,4311,12.0698,435.648,259.6563,3462,9.5575,470.3105,354.5347,2918,8.1467,465.3218,412.9486,3773,24.8116,378.7266,459.9347,1932,33.7971,493.2246,277.6252,5138,26.9169,449.043,156.8344,1722,14.9872,495.3142,47.0813,2012,16.4105,448.6143,81.0934
87,13.avi,9207,37.8482,29.3343,133.4033,8935,45.6032,103.3236,79.7957,7549,23.5725,209.1025,85.2253,3700,42.7568,269.6903,34.6559,6638,30.7108,324.4494,92.9721,5648,38.3006,205.8258,183.2201,8194,31.5456,266.4154,242.1286,7162,27.0774,121.4989,314.236,9137,18.8885,193.0217,359.782,5855,28.3476,243.1678,417.6425,7282,31.1215,329.7057,423.1887,6098,34.5751,304.7906,329.6799,8576,23.6165,365.634,220.6687,4311,11.8344,435.648,259.6563,3462,9.5009,470.3105,354.5347,2918,8.0442,465.3218,412.9486,3773,26.6968,378.7266,459.9347,1932,34.7428,493.2246,277.6252,5138,26.9564,449.043,156.8344,1722,15.0023,495.3142,47.0813,2012,17.16,448.6143,81.0934
88,13.avi,9207,38.1377,29.3343,133.4033,8935,44.8476,103.3236,79.7957,7549,23.8122,209.1025,85.2253,3700,42.6797,269.6903,34.6559,6638,30.8709,324.4494,92.9721,5648,38.4734,205.8258,183.2201,8194,31.2515,266.4154,242.1286,7162,26.4602,121.4989,314.236,9137,19.0975,193.0217,359.782,5855,28.4401,243.1678,417.6425,7282,31.07,329.7057,423.1887,6098,34.6368,304.7906,329.6799,8576,23.6269,365.634,220.6687,4311,11.499,435.648,259.6563,3462,9.2839,470.3105,354.5347,2918,7.8304,465.3218,412.9486,3773,27.0946,378.7266,459.9347,1932,34.3116,493.2246,277.6252,5138,25.9665,449.043,156.8344,1722,14.5168,495.3142,47.0813,2012,16.8623,448.6143,81.0934
89,13.avi,9207,38.9523,29.3343,133.4033,8935,44.9088,103.3236,79.7957,7549,24.0111,209.1025,85.2253,3700,42.0378,269.6903,34.6559,6638,30.1122,324.4494,92.9721,5648,37.7957,205.8258,183.2201,8194,31.0142,266.4154,242.1286,7162,27.0709,121.4989,314.236,9137,19.1575,193.0217,359.782,5855,28.2053,243.1678,417.6425,7282,31.4172,329.7057,423.1887,6098,34.8821,304.7906,329.6799,8576,23.1718,365.634,220.6687,4311,11.7604,435.648,259.6563,3462,9.156,470.3105,354.5347,2918,7.9483,465.3218,412.9486,3773,29.2147,378.7266,459.9347,1932,33.9337,493.2246,277.6252,5138,26.0082,449.043,156.8344,1722,14.3078,495.3142,47.0813,2012,16.8777,448.6143,81.0934
90,13.avi,9207,38.9723,29.3343,133.4033,8935,44.6175,103.3236,79.7957,7549,24.6842,209.1025,85.2253,3700,41.3968,269.6903,34.6559,6638,30.668,324.4494,92.9721,5648,36.6939,205.8258,183.2201,8194,30.9777,266.4154,242.1286,7162,27.1514,121.4989,314.236,9137,19.0302,193.0217,359.782,5855,27.6854,243.1678,417.6425,7282,31.1626,329.7057,423.1887,6098,34.3532,304.7906,329.6799,8576,23.2826,365.634,220.6687,4311,11.5166,435.648,259.6563,3462,9.1953,470.3105,354.5347,2918,7.9534,465.3218,412.9486,3773,31.7742,378.7266,459.9347,1932,33.2117,493.2246,277.6252,5138,25.878,449.043,156.8344,1722,14.6969,495.3142,47.0813,2012,15.6074,448.6143,81.0934
91,13.avi,9207,38.6633,29.3343,133.4033,8935,44.2187,103.3236,79.7957,7549,23.8451,209.1025,85.2253,3700,42.9914,269.6903,34.6559,6638,30.1648,324.4494,92.9721,5648,36.7079,205.8258,183.2201,8194,30.8285,266.4154,242.1286,7162,27.3065,121.4989,314.236,9137,18.5786,193.0217,359.782,5855,27.5959,243.1678,417.6425,7282,31.0393,329.7057,423.1887,6098,33.7488,304.7906,329.6799,8576,23.5295,365.634,220.6687,4311,11.8993,435.648,259.6563,3462,9.0124,470.3105,354.5347,2918,7.5188,465.3218,412.9486,3773,30.6507,378.7266,459.9347,1932,32.8949,493.2246,277.6252,5138,25.4083,449.043,156.8344,1722,14.3479,495.3142,47.0813,2012,15.8216,448.6143,81.0934
92,13.avi,9207,38.7861,29.3343,133.4033,8935,44.07,103.3236,79.7957,7549,23.9644,209.1025,85.2253,3700,44.3768,269.6903,34.6559,6638,30.0759,324.4494,92.9721,5648,36.3888,205.8258,183.2201,8194,30.6223,266.4154,242.1286,7162,27.1659,121.4989,314.236,9137,18.5164,193.0217,359.782,5855,27.47,243.1678,417.6425,7282,30.8737,329.7057,423.1887,6098,33.183,304.7906,329.6799,8576,23.029,365.634,220.6687,4311,11.4788,435.648,259.6563,3462,9.2395,470.3105,354.5347,2918,7.4273,465.3218,412.9486,3773,28.1657,378.7266,459.9347,1932,32.8582,493.2246,277.6252,5138,25.2655,449.043,156.8344,1722,14.3757,495.3142,47.0813,2012,15.6789,448.6143,81.0934
93,13.avi,9207,39.8116,29.3343,133.4033,8935,44.1649,103.3236,79.7957,7549,24.3814,209.1025,85.2253,3700,44.5462,269.6903,34.6559,6638,30.4241,324.4494,92.9721,5648,37.0777,205.8258,183.2201,8194,30.9124,266.4154,242.1286,7162,26.851,121.4989,314.236,9137,19.2435,193.0217,359.782,5855,27.6077,243.1678,417.6425,7282,30.6482,329.7057,423.1887,6098,33.9226,304.7906,329.6799,8576,23.8187,365.634,220.6687,4311,11.8576,435.648,259.6563,3462,9.372,470.3105,354.5347,2918,7.5332,465.3218,412.9486,3773,28.6035,378.7266,459.9347,1932,32.6781,493.2246,277.6252,5138,25.7719,449.043,156.8344,1722,14.5424,495.3142,47.0813,2012,15.6138,448.6143,81.0934
94,13.avi,9207,39.0198,29.3343,133.4033,8935,43.3362,103.3236,79.7957,7549,23.87,209.1025,85.2253,3700,43.213,269.6903,34.6559,6638,30.4037,324.4494,92.9721,5648,36.8042,205.8258,183.2201,8194,30.4829,266.4154,242.1286,7162,26.8903,121.4989,314.236,9137,19.0049,193.0217,359.782,5855,28.0184,243.1678,417.6425,7282,30.9041,329.7057,423.1887,6098,33.5359,304.7906,329.6799,8576,23.1535,365.634,220.6687,4311,11.4141,435.648,259.6563,3462,9.1921,470.3105,354.5347,2918,7.8074,465.3218,412.9486,3773,27.0965,378.7266,459.9347,1932,32.543,493.2246,277.6252,5138,25.0884,449.043,156.8344,1722,13.8682,495.3142,47.0813,2012,15.4359,448.6143,81.0934
95,13.avi,9207,38.1496,29.3343,133.4033,8935,44.1115,103.3236,79.7957,7549,23.516,209.1025,85.2253,3700,40.9522,269.6903,34.6559,6638,30.1143,324.4494,92.9721,5648,37.1478,205.8258,183.2201,8194,30.2935,266.4154,242.1286,7162,25.8748,121.4989,314.236,9137,19.5602,193.0217,359.782,5855,27.1952,243.1678,417.6425,7282,30.7958,329.7057,423.1887,6098,33.9157,304.7906,329.6799,8576,23.3399,365.634,220.6687,4311,11.5894,435.648,259.6563,3462,9.4272,470.3105,354.5347,2918,7.2968,465.3218,412.9486,3773,27.1402,378.7266,459.9347,1932,31.8333,493.2246,277.6252,5138,25.2429,449.043,156.8344,1722,14.5714,495.3142,47.0813,2012,15.4463,448.6143,81.0934
96,13.avi,9207,38.7136,29.3343,133.4033,8935,44.4314,103.3236,79.7957,7549,23.7359,209.1025,85.2253,3700,40.1159,269.6903,34.6559,6638,30.096,324.4494,92.9721,5648,36.8461,205.8258,183.2201,8194,30.4907,266.4154,242.1286,7162,25.6759,121.4989,314.236,9137,19.6685,193.0217,359.782,5855,27.553,243.1678,417.6425,7282,30.7076,329.7057,423.1887,6098,33.9895,304.7906,329.6799,8576,23.801,365.634,220.6687,4311,11.3382,435.648,259.6563,3462,9.5069,470.3105,354.5347,2918,7.5552,465.3218,412.9486,3773,26.4227,378.7266,459.9347,1932,31.5678,493.2246,277.6252,5138,25.3021,449.043,156.8344,1722,14.2358,495.3142,47.0813,2012,15.6789,448.6143,81.0934
97,13.avi,9207,38.7517,29.3343,133.4033,8935,45.1917,103.3236,79.7957,7549,23.3416,209.1025,85.2253,3700,40.4032,269.6903,34.6559,6638,29.6255,324.4494,92.9721,5648,36.6367,205.8258,183.2201,8194,30.5762,266.4154,242.1286,7162,25.9288,121.4989,314.236,9137,20.1024,193.0217,359.782,5855,27.9968,243.1678,417.6425,7282,31.3131,329.7057,423.1887,6098,33.8175,304.7906,329.6799,8576,23.7129,365.634,220.6687,4311,11.8583,435.648,259.6563,3462,9.2912,470.3105,354.5347,2918,7.3334,465.3218,412.9486,3773,24.8744,378.7266,459.9347,1932,31.3623,493.2246,277.6252,5138,24.4344,449.043,156.8344,1722,14.4106,495.3142,47.0813,2012,15.3191,448.6143,81.0934
98,13.avi,9207,38.6633,29.3343,133.4033,8935,46.1411,103.3236,79.7957,7549,23.5817,209.1025,85.2253,3700,40.5843,269.6903,34.6559,6638,29.7233,324.4494,92.9721,5648,36.299,205.8258,183.2201,8194,30.5201,266.4154,242.1286,7162,25.6646,121.4989,314.236,9137,20.1258,193.0217,359.782,5855,27.1156,243.1678,417.6425,7282,31.0545,329.7057,423.1887,6098,33.4362,304.7906,329.6799,8576,23.5885,365.634,220.6687,4311,11.5753,435.648,259.6563,3462,9.2741,470.3105,354.5347,2918,7.4517,465.3218,412.9486,3773,23.0997,378.7266,459.9347,1932,31.3768,493.2246,277.6252,5138,24.1765,449.043,156.8344,1722,13.3908,495.3142,47.0813,2012,15.5596,448.6143,81.0934
99,13.avi,9207,40.2035,29.3343,133.4033,8935,45.7762,103.3236,79.7957,7549,23.9956,209.1025,85.2253,3700,40.217,269.6903,34.6559,6638,29.9562,324.4494,92.9721,5648,36.7812,205.8258,183.2201,8194,30.7553,266.4154,242.1286,7162,25.6978,121.4989,314.236,9137,20.2777,193.0217,359.782,5855,27.2055,243.1678,417.6425,7282,31.4168,329.7057,423.1887,6098,34.4338,304.7906,329.6799,8576,23.8954,365.634,220.6687,4311,11.942,435.648,259.6563,3462,9.6288,470.3105,354.5347,2918,7.8996,465.3218,412.9486,3773,23.2552,378.7266,459.9347,1932,30.8608,493.2246,277.6252,5138,25.3424,449.043,156.8344,1722,14.0302,495.3142,47.0813,2012,15.1839,448.6143,81.0934
100,13.avi,9207,39.5585,29.3343,133.4033,8935,46.6781,103.3236,79.7957,7549,23.8225,209.1025,85.2253,3700,37.9589,269.6903,34.6559,6638,30.2186,324.4494,92.9721,5648,37.0653,205.8258,183.2201,8194,31.3405,266.4154,242.1286,7162,25.333,121.4989,314.236,9137,19.8406,193.0217,359.782,5855,26.9698,243.1678,417.6425,7282,30.7947,329.7057,423.1887,6098,33.4546,304.7906,329.6799,8576,23.2037,365.634,220.6687,4311,11.6405,435.648,259.6563,3462,9.4844,470.3105,354.5347,2918,7.9287,465.3218,412.9486,3773,23.7951,378.7266,459.9347,1932,30.9596,493.2246,277.6252,5138,24.8169,449.043,156.8344,1722,14.313,495.3142,47.0813,2012,14.8703,448.6143,81.0934
101,13.avi,9207,38.6199,29.3343,133.4033,8935,45.4731,103.3236,79.7957,7549,23.3186,209.1025,85.2253,3700,37.9957,269.6903,34.6559,6638,29.9122,324.4494,92.9721,5648,36.7509,205.8258,183.2201,8194,31.2097,266.4154,242.1286,7162,24.7376,121.4989,314.236,9137,19.4034,193.0217,359.782,5855,26.8135,243.1678,417.6425,7282,30.9655,329.7057,423.1887,6098,33.5189,304.7906,329.6799,8576,22.8556,365.634,220.6687,4311,11.9137,435.648,259.6563,3462,9.3856,470.3105,354.5347,2918,8.0949,465.3218,412.9486,3773,24.3817,378.7266,459.9347,1932,31.0901,493.2246,277.6252,5138,24.8529,449.043,156.8344,1722,14.2956,495.3142,47.0813,2012,15.2435,448.6143,81.0934
102,13.avi,9207,37.5497,29.3343,133.4033,8935,45.1494,103.3236,79.7957,7549,22.998,209.1025,85.2253,3700,37.6149,269.6903,34.6559,6638,29.7329,324.4494,92.9721,5648,37.89,205.8258,183.2201,8194,30.9505,266.4154,242.1286,7162,25.4444,121.4989,314.236,9137,19.4665,193.0217,359.782,5855,27.3189,243.1678,417.6425,7282,30.8925,329.7057,423.1887,6098,33.5984,304.7906,329.6799,8576,22.7807,365.634,220.6687,4311,11.7875,435.648,259.6563,3462,9.1649,470.3105,354.5347,2918,7.8756,465.3218,412.9486,3773,23.2589,378.7266,459.9347,1932,30.0104,493.2246,277.6252,5138,24.7816,449.043,156.8344,1722,13.7828,495.3142,47.0813,2012,14.8653,448.6143,81.0934
103,13.avi,9207,36.8624,29.3343,133.4033,8935,44.9156,103.3236,79.7957,7549,23.1264,209.1025,85.2253,3700,38.2846,269.6903,34.6559,6638,29.4867,324.4494,92.9721,5648,38.0384,205.8258,183.2201,8194,31.051,266.4154,242.1286,7162,24.9207,121.4989,314.236,9137,18.9828,193.0217,359.782,5855,27.4654,243.1678,417.6425,7282,30.9291,329.7057,423.1887,6098,33.5681,304.7906,329.6799,8576,22.7736,365.634,220.6687,4311,11.8573,435.648,259.6563,3462,8.8821,470.3105,354.5347,2918,8.0884,465.3218,412.9486,3773,22.9428,378.7266,459.9347,1932,31.0336,493.2246,277.6252,5138,24.2875,449.043,156.8344,1722,13.8322,495.3142,47.0813,2012,15.4662,448.6143,81.0934
104,13.avi,9207,37.6367,29.3343,133.4033,8935,45.4734,103.3236,79.7957,7549,23.6921,209.1025,85.2253,3700,38.793,269.6903,34.6559,6638,30.3207,324.4494,92.9721,5648,38.1025,205.8258,183.2201,8194,31.1821,266.4154,242.1286,7162,25.3982,121.4989,314.236,9137,19.2346,193.0217,359.782,5855,27.7614,243.1678,417.6425,7282,31.3776,329.7057,423.1887,6098,34.1689,304.7906,329.6799,8576,23.3512,365.634,220.6687,4311,12.0021,435.648,259.6563,3462,8.9754,470.3105,354.5347,2918,7.8417,465.3218,412.9486,3773,22.2314,378.7266,459.9347,1932,29.2728,493.2246,277.6252,5138,24.4132,449.043,156.8344,1722,13.806,495.3142,47.0813,2012,14.9622,448.6143,81.0934
105,13.avi,9207,37.5717,29.3343,133.4033,8935,46.3979,103.3236,79.7957,7549,22.7042,209.1025,85.2253,3700,39.3622,269.6903,34.6559,6638,30.2651,324.4494,92.9721,5648,36.8445,205.8258,183.2201,8194,30.44,266.4154,242.1286,7162,24.8401,121.4989,314.236,9137,19.3568,193.0217,359.782,5855,27.1158,243.1678,417.6425,7282,31.331,329.7057,423.1887,6098,33.5566,304.7906,329.6799,8576,22.7329,365.634,220.6687,4311,11.5841,435.648,259.6563,3462,8.4986,470.3105,354.5347,2918,7.5956,465.3218,412.9486,3773,22.7503,378.7266,459.9347,1932,29.5342,493.2246,277.6252,5138,24.8213,449.043,156.8344,1722,13.6672,495.3142,47.0813,2012,14.754,448.6143,81.0934
106,13.avi,9207,38.16,29.3343,133.4033,8935,47.2278,103.3236,79.7957,7549,22.6968,209.1025,85.2253,3700,38.0714,269.6903,34.6559,6638,29.52,324.4494,92.9721,5648,37.0055,205.8258,183.2201,8194,30.3051,266.4154,242.1286,7162,24.5688,121.4989,314.236,9137,19.0492,193.0217,359.782,5855,27.4921,243.1678,417.6425,7282,30.9485,329.7057,423.1887,6098,33.4621,304.7906,329.6799,8576,22.6021,365.634,220.6687,4311,11.7984,435.648,259.6563,3462,8.4197,470.3105,354.5347,2918,7.6864,465.3218,412.9486,3773,22.6602,378.7266,459.9347,1932,29.4353,493.2246,277.6252,5138,24.1999,449.043,156.8344,1722,13.511,495.3142,47.0813,2012,14.7714,448.6143,81.0934
107,13.avi,9207,38.5201,29.3343,133.4033,8935,49.4144,103.3236,79.7957,7549,23.0784,209.1025,85.2253,3700,37.4524,269.6903,34.6559,6638,29.6306,324.4494,92.9721,5648,37.8352,205.8258,183.2201,8194,30.754,266.4154,242.1286,7162,24.8378,121.4989,314.236,9137,19.3035,193.0217,359.782,5855,27.794,243.1678,417.6425,7282,30.5934,329.7057,423.1887,6098,34.1287,304.7906,329.6799,8576,23.0554,365.634,220.6687,4311,11.6878,435.648,259.6563,3462,8.7773,470.3105,354.5347,2918,7.7594,465.3218,412.9486,3773,22.7654,378.7266,459.9347,1932,30.8245,493.2246,277.6252,5138,24.0436,449.043,156.8344,1722,14.1028,495.3142,47.0813,2012,15.2008,448.6143,81.0934
108,13.avi,9207,38.6714,29.3343,133.4033,8935,49.7683,103.3236,79.7957,7549,22.453,209.1025,85.2253,3700,37.2751,269.6903,34.6559,6638,28.8402,324.4494,92.9721,5648,38.3699,205.8258,183.2201,8194,30.4996,266.4154,242.1286,7162,25.408,121.4989,314.236,9137,19.1992,193.0217,359.782,5855,27.4813,243.1678,417.6425,7282,30.7943,329.7057,423.1887,6098,34.184,304.7906,329.6799,8576,23.5385,365.634,220.6687,4311,11.903,435.648,259.6563,3462,8.6014,470.3105,354.5347,2918,8.1412,465.3218,412.9486,3773,22.5849,378.7266,459.9347,1932,30.5311,493.2246,277.6252,5138,24.9114,449.043,156.8344,1722,14.2718,495.3142,47.0813,2012,14.5651,448.6143,81.0934
109,13.avi,9207,38.1689,29.3343,133.4033,8935,50.3352,103.3236,79.7957,7549,22.7602,209.1025,85.2253,3700,36.7624,269.6903,34.6559,6638,29.1386,324.4494,92.9721,5648,38.2095,205.8258,183.2201,8194,30.5694,266.4154,242.1286,7162,25.6279,121.4989,314.236,9137,19.6085,193.0217,359.782,5855,27.654,243.1678,417.6425,7282,30.7354,329.7057,423.1887,6098,33.6845,304.7906,329.6799,8576,23.0219,365.634,220.6687,4311,12.0093,435.648,259.6563,3462,9.1924,470.3105,354.5347,2918,8.3797,465.3218,412.9486,3773,22.489,378.7266,459.9347,1932,31.1196,493.2246,277.6252,5138,24.4763,449.043,156.8344,1722,14.7973,495.3142,47.0813,2012,14.9498,448.6143,81.0934
110,13.avi,9207,38.3417,29.3343,133.4033,8935,49.6414,103.3236,79.7957,7549,23.0673,209.1025,85.2253,3700,36.1284,269.6903,34.6559,6638,28.9867,324.4494,92.9721,5648,37.3954,205.8258,183.2201,8194,30.488,266.4154,242.1286,7162,24.7272,121.4989,314.236,9137,19.6051,193.0217,359.782,5855,27.8225,243.1678,417.6425,7282,30.6384,329.7057,423.1887,6098,33.5986,304.7906,329.6799,8576,22.8984,365.634,220.6687,4311,11.5013,435.648,259.6563,3462,9.2351,470.3105,354.5347,2918,7.7125,465.3218,412.9486,3773,22.0811,378.7266,459.9347,1932,30.4482,493.2246,277.6252,5138,24.6504,449.043,156.8344,1722,15.1469,495.3142,47.0813,2012,14.8474,448.6143,81.0934
111,13.avi,9207,37.6887,29.3343,133.4033,8935,50.1803,103.3236,79.7957,7549,23.0175,209.1025,85.2253,3700,36.6332,269.6903,34.6559,6638,29.1854,324.4494,92.9721,5648,37.1048,205.8258,183.2201,8194,30.051,266.4154,242.1286,7162,25.0006,121.4989,314.236,9137,19.5087,193.0217,359.782,5855,27.4748,243.1678,417.6425,7282,30.3647,329.7057,423.1887,6098,33.4069,304.7906,329.6799,8576,22.8881,365.634,220.6687,4311,11.5597,435.648,259.6563,3462,9.4136,470.3105,354.5347,2918,8.1779,465.3218,412.9486,3773,23.0798,378.7266,459.9347,1932,32.4793,493.2246,277.6252,5138,24.3192,449.043,156.8344,1722,14.8606,495.3142,47.0813,2012,14.6794,448.6143,81.0934
112,13.avi,9207,37.7773,29.3343,133.4033,8935,48.8691,103.3236,79.7957,7549,22.8499,209.1025,85.2253,3700,37.0011,269.6903,34.6559,6638,29.0658,324.4494,92.9721,5648,37.0338,205.8258,183.2201,8194,30.773,266.4154,242.1286,7162,25.4467,121.4989,314.236,9137,20.362,193.0217,359.782,5855,27.6509,243.1678,417.6425,7282,30.9238,329.7057,423.1887,6098,33.6853,304.7906,329.6799,8576,23.1889,365.634,220.6687,4311,11.7936,435.648,259.6563,3462,9.641,470.3105,354.5347,2918,8.5216,465.3218,412.9486,3773,23.9958,378.7266,459.9347,1932,32.3696,493.2246,277.6252,5138,24.0866,449.043,156.8344,1722,14.7265,495.3142,47.0813,2012,15.4438,448.6143,81.0934
113,13.avi,9207,37.3401,29.3343,133.4033,8935,47.7692,103.3236,79.7957,7549,22.8413,209.1025,85.2253,3700,37.0884,269.6903,34.6559,6638,28.6583,324.4494,92.9721,5648,36.693,205.8258,183.2201,8194,30.5763,266.4154,242.1286,7162,26.4289,121.4989,314.236,9137,20.9796,193.0217,359.782,5855,27.6854,243.1678,417.6425,7282,30.8226,329.7057,423.1887,6098,33.6469,304.7906,329.6799,8576,23.6149,365.634,220.6687,4311,12.0803,435.648,259.6563,3462,9.5656,470.3105,354.5347,2918,8.0089,465.3218,412.9486,3773,22.9104,378.7266,459.9347,1932,31.0901,493.2246,277.6252,5138,24.4198,449.043,156.8344,1722,14.9367,495.3142,47.0813,2012,15.6426,448.6143,81.0934
114,13.avi,9207,37.043,29.3343,133.4033,8935,46.3107,103.3236,79.7957,7549,22.6959,209.1025,85.2253,3700,36.9108,269.6903,34.6559,6638,28.6903,324.4494,92.9721,5648,36.9394,205.8258,183.2201,8194,30.1073,266.4154,242.1286,7162,26.0771,121.4989,314.236,9137,21.5074,193.0217,359.782,5855,27.3344,243.1678,417.6425,7282,30.7925,329.7057,423.1887,6098,33.2773,304.7906,329.6799,8576,23.1489,365.634,220.6687,4311,11.4994,435.648,259.6563,3462,9.5381,470.3105,354.5347,2918,7.9236,465.3218,412.9486,3773,23.3029,378.7266,459.9347,1932,31.7262,493.2246,277.6252,5138,23.9138,449.043,156.8344,1722,14.1568,495.3142,47.0813,2012,14.9821,448.6143,81.0934
115,13.avi,9207,36.4267,29.3343,133.4033,8935,45.6248,103.3236,79.7957,7549,22.901,209.1025,85.2253,3700,35.877,269.6903,34.6559,6638,28.491,324.4494,92.9721,5648,36.1523,205.8258,183.2201,8194,29.8885,266.4154,242.1286,7162,25.4386,121.4989,314.236,9137,20.2051,193.0217,359.782,5855,27.4673,243.1678,417.6425,7282,30.3397,329.7057,423.1887,6098,33.022,304.7906,329.6799,8576,22.5325,365.634,220.6687,4311,11.322,435.648,259.6563,3462,8.6418,470.3105,354.5347,2918,7.548,465.3218,412.9486,3773,22.2489,378.7266,459.9347,1932,31.0031,493.2246,277.6252,5138,23.9763,449.043,156.8344,1722,13.6777,495.3142,47.0813,2012,14.585,448.6143,81.0934
116,13.avi,9207,37.4014,29.3343,133.4033,8935,46.1165,103.3236,79.7957,7549,23.3966,209.1025,85.2253,3700,37.3676,269.6903,34.6559,6638,28.6463,324.4494,92.9721,5648,36.1245,205.8258,183.2201,8194,30.053,266.4154,242.1286,7162,26.0933,121.4989,314.236,9137,20.3247,193.0217,359.782,5855,27.2728,243.1678,417.6425,7282,30.7155,329.7057,423.1887,6098,33.2125,304.7906,329.6799,8576,22.4747,365.634,220.6687,4311,11.8432,435.648,259.6563,3462,9.1103,470.3105,354.5347,2918,8.1083,465.3218,412.9486,3773,22.6056,378.7266,459.9347,1932,30.8287,493.2246,277.6252,5138,23.4784,449.043,156.8344,1722,15.9413,495.3142,47.0813,2012,14.7883,448.6143,81.0934
117,13.avi,9207,37.0097,29.3343,133.4033,8935,45.7853,103.3236,79.7957,7549,23.7964,209.1025,85.2253,3700,37.4813,269.6903,34.6559,6638,28.7248,324.4494,92.9721,5648,36.3183,205.8258,183.2201,8194,29.8699,266.4154,242.1286,7162,26.1602,121.4989,314.236,9137,20.0045,193.0217,359.782,5855,28.3962,243.1678,417.6425,7282,30.9698,329.7057,423.1887,6098,33.0387,304.7906,329.6799,8576,22.8545,365.634,220.6687,4311,11.9891,435.648,259.6563,3462,9.3654,470.3105,354.5347,2918,7.974,465.3218,412.9486,3773,22.6356,378.7266,459.9347,1932,31.148,493.2246,277.6252,5138,23.5903,449.043,156.8344,1722,17.6057,495.3142,47.0813,2012,14.7753,448.6143,81.0934
118,13.avi,9207,37.3707,29.3343,133.4033,8935,45.3812,103.3236,79.7957,7549,23.6882,209.1025,85.2253,3700,37.4927,269.6903,34.6559,6638,28.5223,324.4494,92.9721,5648,35.8035,205.8258,183.2201,8194,29.9614,266.4154,242.1286,7162,26.2577,121.4989,314.236,9137,19.9652,193.0217,359.782,5855,31.64,243.1678,417.6425,7282,30.5262,329.7057,423.1887,6098,33.0367,304.7906,329.6799,8576,22.1927,365.634,220.6687,4311,11.5017,435.648,259.6563,3462,9.0546,470.3105,354.5347,2918,8.1477,465.3218,412.9486,3773,22.2727,378.7266,459.9347,1932,30.4182,493.2246,277.6252,5138,23.4858,449.043,156.8344,1722,15.6916,495.3142,47.0813,2012,15.1655,448.6143,81.0934
119,13.avi,9207,36.7301,29.3343,133.4033,8935,43.5406,103.3236,79.7957,7549,23.4532,209.1025,85.2253,3700,36.9797,269.6903,34.6559,6638,28.8054,324.4494,92.9721,5648,35.6857,205.8258,183.2201,8194,29.8103,266.4154,242.1286,7162,26.4858,121.4989,314.236,9137,19.3171,193.0217,359.782,5855,33.7325,243.1678,417.6425,7282,30.6943,329.7057,423.1887,6098,32.9895,304.7906,329.6799,8576,22.0253,365.634,220.6687,4311,11.7534,435.648,259.6563,3462,8.7565,470.3105,354.5347,2918,7.8866,465.3218,412.9486,3773,23.2605,378.7266,459.9347,1932,29.9902,493.2246,277.6252,5138,23.8083,449.043,156.8344,1722,15.083,495.3142,47.0813,2012,14.7162,448.6143,81.0934
120,13.avi,9207,36.7998,29.3343,133.4033,8935,43.0768,103.3236,79.7957,7549,23.9073,209.1025,85.2253,3700,36.5946,269.6903,34.6559,6638,28.4536,324.4494,92.9721,5648,36.0876,205.8258,183.2201,8194,29.5629,266.4154,242.1286,7162,25.7984,121.4989,314.236,9137,19.0613,193.0217,359.782,5855,32.7134,243.1678,417.6425,7282,30.8757,329.7057,423.1887,6098,32.7542,304.7906,329.6799,8576,22.0475,365.634,220.6687,4311,11.6398,435.648,259.6563,3462,9.1077,470.3105,354.5347,2918,7.6165,465.3218,412.9486,3773,23.4257,378.7266,459.9347,1932,29.8608,493.2246,277.6252,5138,24.5035,449.043,156.8344,1722,15.3821,495.3142,47.0813,2012,14.3415,448.6143,81.0934
121,13.avi,9207,37.2357,29.3343,133.4033,8935,43.2022,103.3236,79.7957,7549,23.1549,209.1025,85.2253,3700,36.1292,269.6903,34.6559,6638,28.2457,324.4494,92.9721,5648,36.6477,205.8258,183.2201,8194,29.5256,266.4154,242.1286,7162,25.925,121.4989,314.236,9137,18.8249,193.0217,359.782,5855,31.6668,243.1678,417.6425,7282,30.5161,329.7057,423.1887,6098,33.1571,304.7906,329.6799,8576,21.8582,365.634,220.6687,4311,11.6655,435.648,259.6563,3462,8.8047,470.3105,354.5347,2918,7.8931,465.3218,412.9486,3773,22.9621,378.7266,459.9347,1932,30.2008,493.2246,277.6252,5138,23.6275,449.043,156.8344,1722,15.1696,495.3142,47.0813,2012,14.3126,448.6143,81.0934
122,13.avi,9207,37.3639,29.3343,133.4033,8935,43.4115,103.3236,79.7957,7549,23.9845,209.1025,85.2253,3700,36.2876,269.6903,34.6559,6638,28.6945,324.4494,92.9721,5648,36.5894,205.8258,183.2201,8194,29.6281,266.4154,242.1286,7162,25.309,121.4989,314.236,9137,18.6549,193.0217,359.782,5855,29.3667,243.1678,417.6425,7282,30.4495,329.7057,423.1887,6098,33.427,304.7906,329.6799,8576,22.1924,365.634,220.6687,4311,11.9357,435.648,259.6563,3462,8.7002,470.3105,354.5347,2918,7.2988,465.3218,412.9486,3773,22.6093,378.7266,459.9347,1932,30.8271,493.2246,277.6252,5138,24.2454,449.043,156.8344,1722,15.993,495.3142,47.0813,2012,14.7753,448.6143,81.0934
123,13.avi,9207,37.6974,29.3343,133.4033,8935,43.282,103.3236,79.7957,7549,23.2741,209.1025,85.2253,3700,36.3408,269.6903,34.6559,6638,28.2901,324.4494,92.9721,5648,36.7332,205.8258,183.2201,8194,29.6662,266.4154,242.1286,7162,25.3136,121.4989,314.236,9137,18.809,193.0217,359.782,5855,28.0142,243.1678,417.6425,7282,30.4133,329.7057,423.1887,6098,33.2517,304.7906,329.6799,8576,22.0542,365.634,220.6687,4311,12.09,435.648,259.6563,3462,8.801,470.3105,354.5347,2918,7.6693,465.3218,412.9486,3773,21.8776,378.7266,459.9347,1932,31.5958,493.2246,277.6252,5138,24.19,449.043,156.8344,1722,15.6789,495.3142,47.0813,2012,14.6004,448.6143,81.0934
124,13.avi,9207,37.6296,29.3343,133.4033,8935,42.5098,103.3236,79.7957,7549,23.3497,209.1025,85.2253,3700,37.1741,269.6903,34.6559,6638,28.4199,324.4494,92.9721,5648,37.261,205.8258,183.2201,8194,29.3096,266.4154,242.1286,7162,25.3795,121.4989,314.236,9137,18.0807,193.0217,359.782,5855,27.2673,243.1678,417.6425,7282,30.3728,329.7057,423.1887,6098,33.2862,304.7906,329.6799,8576,22.6247,365.634,220.6687,4311,12.305,435.648,259.6563,3462,8.8642,470.3105,354.5347,2918,7.5819,465.3218,412.9486,3773,22.0286,378.7266,459.9347,1932,30.4244,493.2246,277.6252,5138,24.8324,449.043,156.8344,1722,16.1823,495.3142,47.0813,2012,14.4175,448.6143,81.0934
125,13.avi,9207,38.3929,29.3343,133.4033,8935,41.0434,103.3236,79.7957,7549,23.0926,209.1025,85.2253,3700,36.7235,269.6903,34.6559,6638,28.433,324.4494,92.9721,5648,37.821,205.8258,183.2201,8194,29.6185,266.4154,242.1286,7162,25.2839,121.4989,314.236,9137,18.2172,193.0217,359.782,5855,27.4938,243.1678,417.6425,7282,30.1254,329.7057,423.1887,6098,34.0664,304.7906,329.6799,8576,23.0209,365.634,220.6687,4311,12.5493,435.648,259.6563,3462,9.2218,470.3105,354.5347,2918,7.9078,465.3218,412.9486,3773,21.6215,378.7266,459.9347,1932,30.4788,493.2246,277.6252,5138,24.4111,449.043,156.8344,1722,16.1905,495.3142,47.0813,2012,14.1814,448.6143,81.0934
126,13.avi,9207,38.9864,29.3343,133.4033,8935,41.683,103.3236,79.7957,7549,22.6165,209.1025,85.2253,3700,36.397,269.6903,34.6559,6638,28.3504,324.4494,92.9721,5648,37.9952,205.8258,183.2201,8194,29.5438,266.4154,242.1286,7162,25.0579,121.4989,314.236,9137,18.4062,193.0217,359.782,5855,28.221,243.1678,417.6425,7282,30.858,329.7057,423.1887,6098,34.0025,304.7906,329.6799,8576,22.9994,365.634,220.6687,4311,12.7724,435.648,259.6563,3462,8.9009,470.3105,354.5347,2918,7.9181,465.3218,412.9486,3773,21.9414,378.7266,459.9347,1932,30.2862,493.2246,277.6252,5138,24.2602,449.043,156.8344,1722,17.1632,495.3142,47.0813,2012,14.4573,448.6143,81.0934
127,13.avi,9207,39.2148,29.3343,133.4033,8935,41.1384,103.3236,79.7957,7549,22.3562,209.1025,85.2253,3700,36.5165,269.6903,34.6559,6638,28.3176,324.4494,92.9721,5648,37.6719,205.8258,183.2201,8194,29.8897,266.4154,242.1286,7162,24.5348,121.4989,314.236,9137,18.4798,193.0217,359.782,5855,28.234,243.1678,417.6425,7282,31.7475,329.7057,423.1887,6098,34.1596,304.7906,329.6799,8576,22.7263,365.634,220.6687,4311,12.7799,435.648,259.6563,3462,9.1904,470.3105,354.5347,2918,7.816,465.3218,412.9486,3773,21.5147,378.7266,459.9347,1932,30.7205,493.2246,277.6252,5138,24.7351,449.043,156.8344,1722,18.9675,495.3142,47.0813,2012,14.1556,448.6143,81.0934
128,13.avi,9207,39.9054,29.3343,133.4033,8935,40.4537,103.3236,79.7957,7549,22.4179,209.1025,85.2253,3700,36.4597,269.6903,34.6559,6638,28.2843,324.4494,92.9721,5648,37.7987,205.8258,183.2201,8194,29.6742,266.4154,242.1286,7162,23.6102,121.4989,314.236,9137,18.7126,193.0217,359.782,5855,27.8951,243.1678,417.6425,7282,31.7346,329.7057,423.1887,6098,34.2066,304.7906,329.6799,8576,22.6046,365.634,220.6687,4311,12.662,435.648,259.6563,3462,8.8761,470.3105,354.5347,2918,7.6453,465.3218,412.9486,3773,21.934,378.7266,459.9347,1932,30.7143,493.2246,277.6252,5138,24.3425,449.043,156.8344,1722,17.6138,495.3142,47.0813,2012,14.2003,448.6143,81.0934
129,13.avi,9207,39.8437,29.3343,133.4033,8935,39.981,103.3236,79.7957,7549,21.7865,209.1025,85.2253,3700,37.6459,269.6903,34.6559,6638,28.1523,324.4494,92.9721,5648,37.5692,205.8258,183.2201,8194,30.001,266.4154,242.1286,7162,23.7724,121.4989,314.236,9137,19.2942,193.0217,359.782,5855,27.7778,243.1678,417.6425,7282,31.7799,329.7057,423.1887,6098,34.1743,304.7906,329.6799,8576,22.9325,365.634,220.6687,4311,12.437,435.648,259.6563,3462,9.1785,470.3105,354.5347,2918,7.6374,465.3218,412.9486,3773,21.9632,378.7266,459.9347,1932,30.4011,493.2246,277.6252,5138,23.986,449.043,156.8344,1722,20.5981,495.3142,47.0813,2012,14.164,448.6143,81.0934
130,13.avi,9207,39.904,29.3343,133.4033,8935,40.5697,103.3236,79.7957,7549,22.4553,209.1025,85.2253,3700,37.5043,269.6903,34.6559,6638,28.3637,324.4494,92.9721,5648,37.5614,205.8258,183.2201,8194,30.0258,266.4154,242.1286,7162,23.6152,121.4989,314.236,9137,18.7033,193.0217,359.782,5855,26.9903,243.1678,417.6425,7282,32.1252,329.7057,423.1887,6098,34.549,304.7906,329.6799,8576,22.366,365.634,220.6687,4311,12.2672,435.648,259.6563,3462,9.5049,470.3105,354.5347,2918,7.6354,465.3218,412.9486,3773,21.8298,378.7266,459.9347,1932,30.8602,493.2246,277.6252,5138,23.8589,449.043,156.8344,1722,21.0598,495.3142,47.0813,2012,14.2689,448.6143,81.0934
131,13.avi,9207,39.7263,29.3343,133.4033,8935,41.0745,103.3236,79.7957,7549,22.2155,209.1025,85.2253,3700,37.4592,269.6903,34.6559,6638,27.9672,324.4494,92.9721,5648,36.6186,205.8258,183.2201,8194,29.6378,266.4154,242.1286,7162,23.055,121.4989,314.236,9137,18.295,193.0217,359.782,5855,27.1312,243.1678,417.6425,7282,32.294,329.7057,423.1887,6098,33.777,304.7906,329.6799,8576,21.8832,365.634,220.6687,4311,12.633,435.648,259.6563,3462,9.2695,470.3105,354.5347,2918,7.597,465.3218,412.9486,3773,22.8309,378.7266,459.9347,1932,30.8546,493.2246,277.6252,5138,23.7322,449.043,156.8344,1722,21.9553,495.3142,47.0813,2012,14.2202,448.6143,81.0934
132,13.avi,9207,38.9548,29.3343,133.4033,8935,40.3815,103.3236,79.7957,7549,21.969,209.1025,85.2253,3700,38.017,269.6903,34.6559,6638,27.5823,324.4494,92.9721,5648,36.1524,205.8258,183.2201,8194,29.4594,266.4154,242.1286,7162,22.8619,121.4989,314.236,9137,18.4059,193.0217,359.782,5855,27.1274,243.1678,417.6425,7282,32.0663,329.7057,423.1887,6098,34.0328,304.7906,329.6799,8576,21.9682,365.634,220.6687,4311,12.3793,435.648,259.6563,3462,8.9405,470.3105,354.5347,2918,7.3636,465.3218,412.9486,3773,22.1688,378.7266,459.9347,1932,31.5823,493.2246,277.6252,5138,23.5469,449.043,156.8344,1722,23.5314,495.3142,47.0813,2012,13.7788,448.6143,81.0934
